ProteinName,Run,HP,LP,log2LP/HP
A0A0B5E2H5,1,837157549.1,730840238.5,-0.19594308887075126
A0A0B5E2H5,2,626256661.62,926823724.1,0.5655409290097411
A0A0B5E2H5,3,705506118.69,972480274.0,0.4630103914233317
A0A0R0E6P5,1,717239394.6,892863439.5,0.31598480593754513
A0A0R0E6P5,2,738885918.2,239760716.7,-1.6237563322006177
A0A0R0E6P5,3,255139168.5,780516974.5,1.6131456120823586
A0A0R0E907,1,34395380.0,6752928.2,-2.348629671254936
A0A0R0E907,2,41218534.0,58452025.0,0.5039598119135607
A0A0R0E907,3,110397544.0,103065254.5,-0.0991500256837655
A0A0R0E916,1,247311448.2,118638629.5,-1.0597551873680924
A0A0R0E916,2,230534070.0,167603423.0,-0.45992836456465
A0A0R0E916,3,249558441.2,162456370.0,-0.6193253895534889
A0A0R0EAR0,1,278648466.5,65474668.5,-2.0894374584789364
A0A0R0EAR0,2,205374440.0,52630111.0,-1.9642962986701686
A0A0R0EAR0,3,344732031.2,50974708.0,-2.7576218435711257
A0A0R0EBB0,1,805787104.1,1242712105.2,0.6250214892025826
A0A0R0EBB0,2,1243625696.0,1256616333.0,0.014991905592320337
A0A0R0EBB0,3,1274491648.0,1166402381.2,-0.1278563490909614
A0A0R0EC38,1,1087851728.5,477978613.0,-1.1864639623865434
A0A0R0EC38,2,1152713324.0,309113752.8,-1.8988240163263364
A0A0R0EC38,3,1242503526.5,279357537.0,-2.153065296981975
A0A0R0EC54,1,1952534004.5,1104697421.6,-0.8216964067155178
A0A0R0EC54,2,1968892714.0,810784173.0,-1.2799946682613288
A0A0R0EC54,3,1587807932.5,1246693890.0,-0.3489291359289605
A0A0R0EE15,1,265530211.0,230278435.0,-0.20549670195654887
A0A0R0EE15,2,219234078.4,223118398.1,0.02533740899191636
A0A0R0EE15,3,247263456.06,203923840.5,-0.2780185854633991
A0A0R0EFU3,1,722606735.0,162216076.0,-2.155293900200756
A0A0R0EFU3,2,772536013.5,140546764.8,-2.4585519438764223
A0A0R0EFU3,3,256586950.5,543925144.5,1.0839603203572643
A0A0R0EHQ4,1,1519844911.3,2246332878.5,0.5636476179404449
A0A0R0EHQ4,2,1643514213.0,2355125316.0,0.5190198947484999
A0A0R0EHQ4,3,1563918033.0,2105569070.5,0.4290453009655625
A0A0R0EJA3,1,2304449759.2,2076032736.0,-0.1505931218235481
A0A0R0EJA3,2,2095578202.4,1672747594.2,-0.32512859139543887
A0A0R0EJA3,3,1931444509.5,1741503027.8,-0.1493472482472589
A0A0R0EJP3,1,507877577.7,464076584.0,-0.13011787677297834
A0A0R0EJP3,2,480277338.2,535037911.0,0.15577338281463043
A0A0R0EJP3,3,515170412.8,524076589.5,0.024727926072941768
A0A0R0EK54,1,363552854.0,499153005.1,0.457316990762719
A0A0R0EK54,2,319652119.5,719689653.2,1.17087225735873
A0A0R0EK54,3,367025612.5,686840880.5,0.9040951669870568
A0A0R0EM38,1,664581543.0,729367302.0,0.13419929765192634
A0A0R0EM38,2,587125816.0,798585837.0,0.44377779228360464
A0A0R0EM38,3,645979376.5,680787996.5,0.07571749371894701
A0A0R0EN42,1,1292214069.5,1503247210.7,0.2182371934305198
A0A0R0EN42,2,1300437740.4,1540688883.0,0.24457823188103614
A0A0R0EN42,3,1536211810.0,1707851837.7,0.1528056755376432
A0A0R0ENM9,1,8963203305.5,5504309858.0,-0.7034527335939792
A0A0R0ENM9,2,8922924180.7,5624778640.74,-0.6657202599981279
A0A0R0ENM9,3,8339936458.6,5044690740.3,-0.7252705628461785
A0A0R0ENV4,1,293238553.12,287532301.28,-0.028350755184947
A0A0R0ENV4,2,271599936.22,483337437.0,0.8315476025391804
A0A0R0ENV4,3,190935415.56,571810873.7,1.582453329752983
A0A0R0EPH6,1,4891890207.8,7060950592.1,0.5294703969777238
A0A0R0EPH6,2,4970816169.0,6291795052.766,0.3399889271212342
A0A0R0EPH6,3,4875686000.0,6945923931.5,0.5105613934207422
A0A0R0EQG6,1,316928934.0,553414002.0,0.8041997697719561
A0A0R0EQG6,2,309003298.5,463746270.1,0.5857134397520447
A0A0R0EQG6,3,294966571.5,559413172.6,0.9233627621964459
A0A0R0ERF2,1,411684939.8,151923574.0,-1.4381949227790294
A0A0R0ERF2,2,419792750.0,387930961.0,-0.11387732807504523
A0A0R0ERF2,3,398108679.0,316368806.0,-0.33155496643115956
A0A0R0ERF9,1,58984866015.880005,51127634584.84,-0.2062415624686224
A0A0R0ERF9,2,50058019407.25,59134692802.6,0.24040356026942075
A0A0R0ERF9,3,55320785946.24,55627258893.299995,0.007970363535740207
A0A0R0ERR0,1,701394861.44,409956008.0,-0.7747577573887442
A0A0R0ERR0,2,428322411.0,302537187.5,-0.5015846773623056
A0A0R0ERR0,3,516385175.02,338133755.42,-0.610853537040574
A0A0R0EST5,1,363957943.5,4217629849.0,3.5345888285736113
A0A0R0EST5,2,52368341.8,460773601.5,3.1372912358213663
A0A0R0EST5,3,40508278760.0,16216578471.5,-1.3207473265810679
A0A0R0ETN5,1,710579130.7,1641698447.2,1.2081219289975966
A0A0R0ETN5,2,686088393.0,968158125.5,0.4968482368380288
A0A0R0ETN5,3,643636170.0,904897512.0,0.4915090003844745
A0A0R0EVU4,1,1338803302.0,3392780917.0,1.3415242591242391
A0A0R0EVU4,2,1467198660.0,3252623701.6,1.1485396991697658
A0A0R0EVU4,3,1375388246.0,3046508225.0,1.1473177138083108
A0A0R0EWS1,1,505847761.7,648911622.9,0.35931874547857795
A0A0R0EWS1,2,723638367.0,612921469.6,-0.23956666022866543
A0A0R0EWS1,3,665086358.5,436983310.4,-0.6059635000307361
A0A0R0EWX9,1,126117568.2,26092515.5,-2.273061315533757
A0A0R0EWX9,2,97081028.5,45892002.0,-1.08094664835065
A0A0R0EWX9,3,287357083.6,33481903.5,-3.1013911584258653
A0A0R0EX21,1,35099536.0,29195757.9,-0.2656931959807698
A0A0R0EX21,2,19082568.0,54782051.9,1.5214479718782232
A0A0R0EX21,3,29809411.25,45016829.2,0.5946965611755697
A0A0R0EXW6,1,940805969.4,491541917.0,-0.936582764211087
A0A0R0EXW6,2,1008861779.9,538693439.1,-0.9051921307257048
A0A0R0EXW6,3,886260907.9,506168566.6,-0.8081135609056356
A0A0R0EYI4,1,94068817.0,326430014.6,1.7949852500141477
A0A0R0EYI4,2,83613182.5,244968518.0,1.5507940325087897
A0A0R0EYI4,3,110981797.2,244341658.5,1.1385767829464504
A0A0R0F016,1,1390160557.0,1336059554.0,-0.057267200603420755
A0A0R0F016,2,1274785114.1,1391855058.0,0.1267549050324072
A0A0R0F016,3,1281240320.6,1391117629.5,0.11870331028211505
A0A0R0F0G7,1,1461908135.0,516472559.0,-1.5010890528914294
A0A0R0F0G7,2,1307460306.0,584925718.0,-1.1604418194948616
A0A0R0F0G7,3,1451700126.8,501735396.62,-1.532744844457102
A0A0R0F156,1,381888030.0,43727259.0,-3.1265448779982856
A0A0R0F156,2,386655946.0,30821200.0,-3.6490554607069106
A0A0R0F156,3,338909889.0,67677159.0,-2.3241608212535083
A0A0R0F1H5,1,1262051729.5,1238511058.5,-0.027164295042081395
A0A0R0F1H5,2,1312454262.3,1202129219.7,-0.1266751641246667
A0A0R0F1H5,3,1206593742.7,1021419501.0,-0.2403644973509438
A0A0R0F1J0,1,2051440939.8,850620797.0,-1.2700495869393904
A0A0R0F1J0,2,1910871785.8,1592232668.8,-0.2631798121813149
A0A0R0F1J0,3,1811540494.5,1260569781.5,-0.523141071783017
A0A0R0F2Z4,1,1960234037.0,4751612737.1,1.277391347908985
A0A0R0F2Z4,2,2143362568.44,6619594635.0,1.626866958143547
A0A0R0F2Z4,3,1900970357.0,6075024000.2,1.6761540729598796
A0A0R0F392,1,601601871.8,480380162.9,-0.3246324789871794
A0A0R0F392,2,587422619.5,449432449.1,-0.38629452854215657
A0A0R0F392,3,568992239.1,428887388.44,-0.40781008097201416
A0A0R0F3Q5,1,698082092.0,794261894.0,0.18621808705186335
A0A0R0F3Q5,2,620897176.0,797793952.0,0.36166181656925683
A0A0R0F3Q5,3,701324702.0,683159181.0,-0.03786076738961484
A0A0R0F3S5,1,220887580.0,159142626.0,-0.4729919914518175
A0A0R0F3S5,2,388033487.9,167853066.0,-1.2089822751267592
A0A0R0F3S5,3,445685170.65,178498864.0,-1.3201100660353748
A0A0R0F5C8,1,454276949.6,280781453.56,-0.6941244591313653
A0A0R0F5C8,2,473864246.8,364595160.0,-0.3781784035713736
A0A0R0F5C8,3,434032309.8,310861906.0,-0.4815286072290211
A0A0R0F5Q2,1,582032764.5,506916317.5,-0.19935276473227456
A0A0R0F5Q2,2,585647642.5,486601392.5,-0.2672924729746219
A0A0R0F5Q2,3,619856914.5,491581393.0,-0.3345049186454192
A0A0R0F6M9,1,1828777606.6,2998691748.6,0.7134535846095478
A0A0R0F6M9,2,1760312474.8600001,2797751228.0,0.668436139984599
A0A0R0F6M9,3,2216495925.0,2799499611.2,0.3368882695577502
A0A0R0F761,1,82933846730.2,78773126184.6,-0.07425747902819185
A0A0R0F761,2,76432362558.7,85954549608.4,0.16939037874930862
A0A0R0F761,3,66094532559.82,73563599128.2,0.15446113115995103
A0A0R0F7N0,1,719862058.2,2297393783.5,1.6742057769944447
A0A0R0F7N0,2,694624150.0,1822565771.3,1.3916664034320805
A0A0R0F7N0,3,740323385.3,2255994447.5,1.6075360107498262
A0A0R0F859,1,5989053213.5,3800975592.0,-0.6559581899522458
A0A0R0F859,2,5779259071.6,3907035051.0,-0.5648103458784998
A0A0R0F859,3,6091251530.0,3995381207.0,-0.6084055197665531
A0A0R0F8Z5,1,453742989.3,438777750.0,-0.04838498255281395
A0A0R0F8Z5,2,464178673.0,403175439.3,-0.2032724834067581
A0A0R0F8Z5,3,562949996.8,388883910.2,-0.5336672372374013
A0A0R0FAD6,1,1600284829.5,2819597054.0,0.817160294572049
A0A0R0FAD6,2,1895319929.0,2771804329.5,0.5483840215187405
A0A0R0FAD6,3,1843164369.0,2575292406.5,0.48255151675426433
A0A0R0FB78,1,1163833891.5,1175121441.76,0.013924694475324576
A0A0R0FB78,2,1059410660.5,1159453292.1,0.13018277184050958
A0A0R0FB78,3,1038505605.6,1012106027.2,-0.03714857030244119
A0A0R0FCD1,1,5034853568.0,4212246058.0,-0.2573601062464345
A0A0R0FCD1,2,4855979555.9,4294548009.2,-0.17725604854680727
A0A0R0FCD1,3,4467685121.5,3916707285.5,-0.18988619680088933
A0A0R0FDT6,1,2395486440.2,3403578604.0,0.5067337814312327
A0A0R0FDT6,2,2152578661.3,3257931592.5,0.5978903528648633
A0A0R0FDT6,3,2367470776.2,3537627642.0,0.5794355857789436
A0A0R0FDV1,1,676666874.0,714686330.0,0.07886443009237983
A0A0R0FDV1,2,675172724.0,674156710.0,-0.0021726327157215704
A0A0R0FDV1,3,687545340.0,676143957.56,-0.024124411934986625
A0A0R0FE22,1,276618869.2,180157343.0,-0.6186421159248746
A0A0R0FE22,2,387731730.0,226718636.06,-0.7741558186347067
A0A0R0FE22,3,343501470.0,192353738.8,-0.8365544012855287
A0A0R0FEM3,1,196543393.0,267866601.0,0.4466668427174221
A0A0R0FEM3,2,195750740.2,260448814.0,0.41198210468876545
A0A0R0FEM3,3,246812132.0,287534629.0,0.22032240471778708
A0A0R0FFE9,1,52836539.1,1108923263.2,4.391479754887758
A0A0R0FFE9,2,89699041.6,1045809779.0,3.5433840846885083
A0A0R0FFE9,3,47080977.2,917634103.5,4.28470283954035
A0A0R0FIM6,1,16877702.0,53756598.0,1.6713233538181478
A0A0R0FIM6,2,6024813.0,36056960.0,2.5812893984326393
A0A0R0FIM6,3,500000.26128761296,49003656.0,6.61481672889889
A0A0R0FL97,1,504087498.7,424355378.0,-0.24840121481815816
A0A0R0FL97,2,472393204.6,263146833.0,-0.8441201796960522
A0A0R0FL97,3,269698420.2,279841666.0,0.05326371250004769
A0A0R0FLJ8,1,1334786459.14,1699067769.38,0.3481344411534522
A0A0R0FLJ8,2,1407167978.2,1649221445.3,0.22899056820344282
A0A0R0FLJ8,3,1170561439.22,1897591771.6,0.6969690000236399
A0A0R0FND9,1,2186395723.0,1332339447.22,-0.7145928504517662
A0A0R0FND9,2,1911473123.1,1727203683.9,-0.14624668926789272
A0A0R0FND9,3,2062656844.0,1729599375.5,-0.2540659184854163
A0A0R0FQ08,1,5738656814.4,4435869269.1,-0.3714962523149859
A0A0R0FQ08,2,5464324830.34,4235501242.0,-0.3675105355752115
A0A0R0FQ08,3,5974208118.0,4088011574.0,-0.5473482155187743
A0A0R0FQE0,1,9266748558.5,6111574975.0,-0.6005190108192668
A0A0R0FQE0,2,9399202028.0,6440009999.6,-0.5454753518305214
A0A0R0FQE0,3,8872682872.0,6570605976.0,-0.4333439748712236
A0A0R0FQN0,1,2733851653.2,4209448152.8,0.6226961520850361
A0A0R0FQN0,2,2784673512.6,4871713853.5,0.8069212075951189
A0A0R0FQN0,3,2567472414.5,4539326407.94,0.8221294554444962
A0A0R0FSI6,1,302752156.0,609787109.5,1.0101684191688676
A0A0R0FSI6,2,276288862.75,706471963.2,1.354454899357414
A0A0R0FSI6,3,209552703.5,694689654.7,1.7290554787001844
A0A0R0FSY2,1,7275977530.0,5866295418.0,-0.31069136267841724
A0A0R0FSY2,2,8612113488.72,6271138359.0,-0.45763998132283107
A0A0R0FSY2,3,6608659693.5,5753508050.47,-0.19991583773711524
A0A0R0FTU5,1,1780233342.0,1529278822.0,-0.2192148866429482
A0A0R0FTU5,2,2065514666.0,1525977456.2,-0.4367676550658055
A0A0R0FTU5,3,1694706070.0,1476949520.0,-0.1984145561639131
A0A0R0FUV4,1,2819755270.0,2368063662.7,-0.25186208809015725
A0A0R0FUV4,2,2034941301.5,2534866046.5,0.31692233076005427
A0A0R0FUV4,3,2778773963.5,2571727619.5,-0.11171063479912682
A0A0R0FVI5,1,1835900149.8,819254025.8,-1.1641048338905684
A0A0R0FVI5,2,1913864548.0,511934028.0,-1.902458918174399
A0A0R0FVI5,3,1858143562.5,837549449.2,-1.1496156951699994
A0A0R0FW30,1,358360840.0,137515824.0,-1.3818153553522672
A0A0R0FW30,2,381529660.0,196925828.0,-0.9541428743628604
A0A0R0FW30,3,324363812.0,222669798.0,-0.5427069824238642
A0A0R0FW44,1,1370055092.6,442935385.9,-1.6290657447775208
A0A0R0FW44,2,1318544328.8,487348505.5,-1.4359203493545485
A0A0R0FW44,3,1310652704.0,536295845.5,-1.2891844692432606
A0A0R0FX09,1,259559203.0,653743978.8,1.3326621125035292
A0A0R0FX09,2,659328163.2,721225953.5,0.12945460606444528
A0A0R0FX09,3,699390765.4,735146120.0,0.07193228600596176
A0A0R0FZ23,1,2073474755.2,1061315765.0,-0.966196528448943
A0A0R0FZ23,2,2453087338.0,609716185.4,-2.0083888504115612
A0A0R0FZ23,3,1957663806.0,1221326757.0,-0.6806837945294316
A0A0R0FZN4,1,731701683.4,587540993.0,-0.316566065343399
A0A0R0FZN4,2,651756241.05,766259113.0,0.23349983394899754
A0A0R0FZN4,3,751711492.9,672182124.16,-0.16132688484387087
A0A0R0G0I7,1,418223791.8,244767757.4,-0.7728616077013757
A0A0R0G0I7,2,473842040.2,196886530.5,-1.267041786765746
A0A0R0G0I7,3,399123056.7,230545557.7,-0.7917817561970947
A0A0R0G0K3,1,686551670.0,716294128.5,0.06118381431073364
A0A0R0G0K3,2,691123175.0,859156380.0,0.3139778915369491
A0A0R0G0K3,3,747321783.5,884149448.0,0.24256067365068298
A0A0R0G342,1,3033511574.7,826435721.0,-1.8760142979277064
A0A0R0G342,2,2034003586.5,833144901.5,-1.2876828853875553
A0A0R0G342,3,1955925779.4,1122119593.91,-0.8016251815292524
A0A0R0G3G4,1,132629477.5,69355760.0,-0.9353138480264555
A0A0R0G3G4,2,208848380.0,97974428.0,-1.0919788026747925
A0A0R0G3G4,3,69438757.0,98356445.2,0.502278471160754
A0A0R0G3Y8,1,601364823.78,754643812.0,0.32755537903544835
A0A0R0G3Y8,2,657397482.0,961942069.94,0.5491840841146668
A0A0R0G3Y8,3,603570650.0,1044696940.0,0.7914899279127622
A0A0R0G554,1,15758601593.5,32424964949.0,1.0409654981445335
A0A0R0G554,2,16412340836.76,30923286372.3,0.9139126295782918
A0A0R0G554,3,15472597403.4,32458044272.760002,1.068860670290601
A0A0R0G6T3,1,2477570755.1,7295536896.2,1.5580878946119379
A0A0R0G6T3,2,3015044681.7,7343477432.8,1.2842840167546474
A0A0R0G6T3,3,2737893568.65,8247559737.0,1.5909009570928945
A0A0R0G869,1,1191761848.5,1791860972.5,0.5883627366817394
A0A0R0G869,2,1267666016.2,1948340594.5,0.6200712027792925
A0A0R0G869,3,1406857039.6,1611594856.5,0.19601337228294147
A0A0R0GAK0,1,2625264756.0,1614588093.0,-0.7012967673385826
A0A0R0GAK0,2,3114764931.0,2734993601.0,-0.18758583065025627
A0A0R0GAK0,3,3080833243.23,1570585236.0,-0.9720183550117072
A0A0R0GB14,1,237941638.6,499999.9128745795,-8.89446419945779
A0A0R0GB14,2,265249287.06,500000.23552250455,-9.051204383653973
A0A0R0GB14,3,159932101.9,499999.75784547307,-8.321316437081874
A0A0R0GB30,1,278363937.5,1316935646.0,2.2421406229784075
A0A0R0GB30,2,314643204.3,1061302058.5,1.7540466330607745
A0A0R0GB30,3,251178245.94,840137225.8,1.7419134725188885
A0A0R0GB74,1,417685732.5,600763048.5,0.5243782147491384
A0A0R0GB74,2,481673413.76,598951141.0,0.3143830252809553
A0A0R0GB74,3,586908626.28,448184645.0,-0.38904269041140366
A0A0R0GDY6,1,996557451.6,796018776.0,-0.32415051835082676
A0A0R0GDY6,2,1120922068.8,813705905.7,-0.4621066128094902
A0A0R0GDY6,3,1151101299.0,878872788.5,-0.3892885345895217
A0A0R0GE46,1,523268517.7,618416003.0,0.2410261907153925
A0A0R0GE46,2,556881345.44,727358916.0,0.3852974735271795
A0A0R0GE46,3,487616582.05,470419005.8,-0.05180083864858327
A0A0R0GEJ0,1,3431547319.5,3659045200.5,0.09260798858610893
A0A0R0GEJ0,2,3177935513.0,3712603642.8,0.22434145176827905
A0A0R0GEJ0,3,3192769321.9,3724366998.3,0.22218692102841614
A0A0R0GEV0,1,10349637246.0,8623072117.8,-0.2633063513227483
A0A0R0GEV0,2,10931375688.75,8035296012.05,-0.4440518949273376
A0A0R0GEV0,3,10554209550.0,9348459861.0,-0.17501792438318053
A0A0R0GF16,1,547795825.4,778526537.0,0.5071079444067547
A0A0R0GF16,2,628077346.84,871712487.66,0.47291014102884
A0A0R0GF16,3,588365739.7,798516801.2,0.4406095215064826
A0A0R0GFW6,1,73184015883.8,93654888383.8,0.35582571494821763
A0A0R0GFW6,2,71296715630.07,92727623434.1,0.3791635610896616
A0A0R0GFW6,3,72311553191.3,94663049413.1,0.38857523238370373
A0A0R0GGF0,1,1630555821.0,2919809560.5,0.8405104432568774
A0A0R0GGF0,2,1775376807.5,2315883876.0,0.38343765898206417
A0A0R0GGF0,3,2097151134.3,2458400331.0,0.22928903115438157
A0A0R0GHN2,1,569105731.3,401359162.5,-0.5038028757058237
A0A0R0GHN2,2,716919021.3,430388229.7,-0.7361715468316223
A0A0R0GHN2,3,648338079.0,449077437.5,-0.529782069359806
A0A0R0GMQ7,1,408985314.0,269641126.0,-0.6010084843111145
A0A0R0GMQ7,2,298368246.0,273992566.0,-0.1229572538347503
A0A0R0GMQ7,3,277487930.0,303304733.0,0.12834299169682245
A0A0R0GPB1,1,365061765.1,669247139.6,0.8743984923159619
A0A0R0GPB1,2,341029527.8,808904601.0,1.2460729075718036
A0A0R0GPB1,3,300238050.56,733350243.94,1.288395557985922
A0A0R0GPD7,1,789005393.28,613286366.0,-0.36347428316668967
A0A0R0GPD7,2,756934543.7,639272966.0,-0.243736462331701
A0A0R0GPD7,3,782365624.0,579560507.5,-0.43288369187511266
A0A0R0GR76,1,401638656.5,208362180.5,-0.9468046909711475
A0A0R0GR76,2,248992182.0,240669161.0,-0.04904915564545867
A0A0R0GR76,3,375338993.0,221596107.5,-0.7602616362766481
A0A0R0GRY6,1,3447314272.0,1250268962.4,-1.4632343409156068
A0A0R0GRY6,2,3195581028.3,1888627663.9,-0.7587399616773587
A0A0R0GRY6,3,2353546577.3,1892343301.8,-0.31466256389464087
A0A0R0GT85,1,91308704.0,97563862.0,0.09559447574482427
A0A0R0GT85,2,70042462.0,105012750.0,0.5842628009941512
A0A0R0GT85,3,47615527.0,108707840.0,1.1909519857656565
A0A0R0GUZ3,1,27745820.0,14863084.0,-0.9005369436008224
A0A0R0GUZ3,2,19004260.0,26970198.0,0.5050432633529662
A0A0R0GUZ3,3,36541136.0,20460800.0,-0.8366589311841148
A0A0R0GW87,1,3020773896.0,3216659672.0,0.09064510167909307
A0A0R0GW87,2,3074256439.5,3101251865.0,0.012613185069275097
A0A0R0GW87,3,2949514804.0,2824964077.5,-0.06224512805632373
A0A0R0GWM0,1,1868248384.5,836087596.5,-1.1599602689713664
A0A0R0GWM0,2,1922620392.0,925116107.0,-1.0553675926929826
A0A0R0GWM0,3,1781315349.0,757406987.5,-1.2338023055154739
A0A0R0GXN6,1,7133726855.05,5298167796.0,-0.4291624417645892
A0A0R0GXN6,2,8146242393.2,5706996997.9,-0.5134029385807488
A0A0R0GXN6,3,7111267763.440001,4802092429.2,-0.5664436072873561
A0A0R0GYC5,1,1097294414.0,419239749.0,-1.3881032523713563
A0A0R0GYC5,2,1144878504.0,402510011.0,-1.5080979350895538
A0A0R0GYC5,3,919306360.0,386019804.0,-1.2518708575053077
A0A0R0GYG1,1,6331463741.25,10462036196.0,0.7245526933071409
A0A0R0GYG1,2,5646745187.32,7738001004.5,0.4545413857326595
A0A0R0GYG1,3,5710152789.5,8539077320.5,0.5805508405896108
A0A0R0GYV0,1,676346720.0,244183782.0,-1.4697956304828856
A0A0R0GYV0,2,716336430.0,268558998.0,-1.415398254175145
A0A0R0GYV0,3,505445884.0,242350770.0,-1.060459970745391
A0A0R0GZE2,1,31591526.5,29722942.5,-0.08796070338202094
A0A0R0GZE2,2,28023466.0,5166091.5,-2.439490300995517
A0A0R0GZE2,3,9814338.0,11480606.7,0.22623602123094677
A0A0R0H0I8,1,685960425.1,808522942.8,0.23716336662148463
A0A0R0H0I8,2,691788816.5,668116134.0,-0.05023279302035439
A0A0R0H0I8,3,623074571.3,893021567.1,0.5192901785257229
A0A0R0H0K3,1,390944775.0,266138820.2,-0.5547858626353462
A0A0R0H0K3,2,406724130.5,246755016.0,-0.7209711749915675
A0A0R0H0K3,3,450840721.2,253088515.5,-0.8329757864857802
A0A0R0H141,1,203667968.0,59138120.0,-1.7840588113850906
A0A0R0H141,2,126649018.6,60124533.5,-1.0748101973688027
A0A0R0H141,3,130751735.0,73782524.8,-0.8254790270577436
A0A0R0H2I0,1,357684713.5,500020764.4,0.48329954436236716
A0A0R0H2I0,2,364850787.09999996,387767100.3,0.08788383854455994
A0A0R0H2I0,3,412132847.4,215022481.5,-0.9386219449351659
A0A0R0H2Q4,1,566823599.5,224701730.5,-1.3348885903867067
A0A0R0H2Q4,2,638638609.0,219038401.0,-1.5438159539621277
A0A0R0H2Q4,3,654832582.0,414787067.0,-0.6587551948306642
A0A0R0H3C7,1,1472555005.5,1810138257.5,0.29777836869900004
A0A0R0H3C7,2,1203405609.5,1716099377.5,0.5120101133916561
A0A0R0H3C7,3,1224922084.0,1881546309.0,0.6192288139076114
A0A0R0H4Q2,1,5548794346.0,174639644.5,-4.98972132984676
A0A0R0H4Q2,2,665058472.0,197340246.0,-1.7527959756263567
A0A0R0H4Q2,3,719493824.0,217160170.0,-1.7282227848265734
A0A0R0H535,1,919522595.2,1468478582.9,0.6753652935857791
A0A0R0H535,2,791825379.8,1676920865.97,1.082560394742891
A0A0R0H535,3,880322500.0,1645007443.0,0.9019900646434802
A0A0R0H6W8,1,1089018580.0,50932917.8,-4.418286390754244
A0A0R0H6W8,2,479602632.8,287799924.0,-0.7367733674101136
A0A0R0H6W8,3,1387394732.0,315295061.0,-2.137603835789777
A0A0R0H7E5,1,1431106367.5,1543460683.5,0.10903782883743166
A0A0R0H7E5,2,1111578475.5,1682026458.0,0.5975905954157771
A0A0R0H7E5,3,1655513149.0,1608565225.5,-0.04150403263302767
A0A0R0H8T0,1,848426586.0,533880862.0,-0.6682719956522445
A0A0R0H8T0,2,880654828.0,488301384.0,-0.8508047996593054
A0A0R0H8T0,3,760684402.0,462682514.0,-0.7172754459157585
A0A0R0H9B2,1,458894856.6,359979045.8,-0.35025070633701616
A0A0R0H9B2,2,423108578.8,863064684.5,1.0284407522097472
A0A0R0H9B2,3,625512874.0,1021420760.2,0.7074658043348027
A0A0R0H9T5,1,6914421300.5,19088198936.0,1.4650005680968667
A0A0R0H9T5,2,6299915915.559999,17997016827.0,1.5143533079192908
A0A0R0H9T5,3,6640476016.0,18681488756.0,1.4922508616029575
A0A0R0HC18,1,2488738423.3,1482866389.6,-0.7470259922731498
A0A0R0HC18,2,2924467551.5,1117784702.3,-1.387531645796701
A0A0R0HC18,3,2452241332.74,1288679429.0,-0.9282075416338035
A0A0R0HCG5,1,1096801417.0,2154616200.0,0.974128566022443
A0A0R0HCG5,2,1396223216.98,2142371556.0,0.6176791049105415
A0A0R0HCG5,3,1363629164.0,2075894748.0,0.6062819381308955
A0A0R0HCH3,1,2232311093.6,1674884846.4,-0.414476185175937
A0A0R0HCH3,2,2113217882.0,2195326102.94,0.054993736540699535
A0A0R0HCH3,3,2074187354.5,2013130060.0,-0.043105832094901576
A0A0R0HDA3,1,1077239096.5,668226153.0,-0.6889301429706384
A0A0R0HDA3,2,1009095350.23,995658580.0,-0.019339482787409715
A0A0R0HDA3,3,1043476729.4,598509724.0,-0.8019518353108679
A0A0R0HDX9,1,635812586.5,845757562.0,0.4116425951072382
A0A0R0HDX9,2,551945046.5,610828458.5,0.14624264427089234
A0A0R0HDX9,3,511415705.0,643540209.5,0.3315338285328383
A0A0R0HFK6,1,899809114.0,971693883.0,0.11088290705785381
A0A0R0HFK6,2,1213415470.1599998,695941134.6,-0.8020364223016943
A0A0R0HFK6,3,989261171.44,936882245.0,-0.07848372262501846
A0A0R0HFW6,1,529158399.1,719085637.0,0.4424639480672501
A0A0R0HFW6,2,494494069.2,748922489.0,0.5988631943702202
A0A0R0HFW6,3,501802666.2,563851883.8,0.1681960999214966
A0A0R0HHA9,1,367740046.0,673904682.0,0.8738582579864201
A0A0R0HHA9,2,531123566.0,536727327.8,0.015141802322443833
A0A0R0HHA9,3,281996369.0,560771080.0,0.9917353622931234
A0A0R0HHB6,1,1902904858.0,1603864698.0,-0.24665098992593384
A0A0R0HHB6,2,2512753714.5,1457483720.0,-0.7857895048692014
A0A0R0HHB6,3,2830427653.8,1785998254.0,-0.6642893785317894
A0A0R0HHJ1,1,289772460.0,312354520.0,0.10826391936754846
A0A0R0HHJ1,2,156294906.0,255025240.0,0.7063692800875526
A0A0R0HHJ1,3,182628050.0,328649290.0,0.8476405011969514
A0A0R0HJA5,1,951877928.0,1081618004.5,0.18434259739818992
A0A0R0HJA5,2,912953088.5,908197670.0,-0.007534394665871294
A0A0R0HJA5,3,1033297826.0,1003526245.0,-0.042177792454360215
A0A0R0HKE3,1,716855272.3,847196268.9,0.2410143566107802
A0A0R0HKE3,2,1144971824.24,1010760418.7,-0.17987102187483325
A0A0R0HKE3,3,981860421.5,969328188.8,-0.01853274306809323
A0A0R0HLZ4,1,362803776.9,518777570.0,0.5159266293573623
A0A0R0HLZ4,2,250687803.0,418451358.0,0.7391681246746389
A0A0R0HLZ4,3,375272526.2,360298787.0,-0.05874487928560658
A0A0R0HM17,1,7128441.9,44805232.0,2.6520085296097275
A0A0R0HM17,2,49756662.2,154087546.0,1.6307886476423372
A0A0R0HM17,3,37930448.0,33720536.0,-0.16972894291944998
A0A0R0HMG3,1,45012795.8,174778410.0,1.9571199026592292
A0A0R0HMG3,2,71432760.5,142786058.0,0.999197337683953
A0A0R0HMG3,3,116297552.0,78572014.0,-0.5657332832582415
A0A0R0HQQ2,1,19107075512.5,16579211786.5,-0.20473155998632378
A0A0R0HQQ2,2,15091742046.5,18348085120.440002,0.28187015909189583
A0A0R0HQQ2,3,19290271670.2,17708031026.3,-0.1234696550996288
A0A0R0HR30,1,8255753978.22,5238450166.1,-0.6562599360526001
A0A0R0HR30,2,6788197763.8,5986362893.059999,-0.18134885861692687
A0A0R0HR30,3,7846934386.2,4973459589.5,-0.6578793823941589
A0A0R0HSJ5,1,526764768.0,268266322.5,-0.973492902427054
A0A0R0HSJ5,2,358266881.7,269920125.0,-0.4085021396917001
A0A0R0HSJ5,3,561800754.3,373039342.8,-0.5907307683628592
A0A0R0HTQ0,1,519897428.0,742256068.0,0.5136899643647687
A0A0R0HTQ0,2,519407218.5,751441274.5,0.5327942971139591
A0A0R0HTQ0,3,565629980.3,685452695.5,0.27719851620314007
A0A0R0HW29,1,1761110038.0,2744004431.0,0.6397977564456895
A0A0R0HW29,2,2186395625.8,2440078826.0,0.15837327570591547
A0A0R0HW29,3,1686966713.1,2773187630.5,0.7171137237427228
A0A0R0HWX9,1,201714515.0,350714644.0,0.7979827698812442
A0A0R0HWX9,2,164930068.0,105280606.0,-0.6476147385523583
A0A0R0HWX9,3,187487814.0,160631792.0,-0.22303937180137587
A0A0R0HXE9,1,5464524584.26,5497741085.6,0.008742978844665123
A0A0R0HXE9,2,5173950626.0,4990830728.2,-0.05198631331231882
A0A0R0HXE9,3,5256320507.7,5621692642.0,0.09695133093894796
A0A0R0HXF6,1,568760140.0,250705051.0,-1.181829298458456
A0A0R0HXF6,2,473157630.0,215616274.0,-1.133854817951717
A0A0R0HXF6,3,402770530.0,306610580.0,-0.3935506478487777
A0A0R0HYF9,1,2445645918.0,1079299285.5,-1.180120570745419
A0A0R0HYF9,2,2602972483.1,1086035258.2,-1.2610891195229146
A0A0R0HYF9,3,2559225867.0,1031156230.5,-1.3114445474490084
A0A0R0HYT3,1,308797502.5,223105196.5,-0.46893696759094095
A0A0R0HYT3,2,302240328.5,252699054.5,-0.2582759085830138
A0A0R0HYT3,3,307583825.4,222744356.2,-0.46559076191890447
A0A0R0HZP7,1,347531884.0,451954776.5,0.37903307824101806
A0A0R0HZP7,2,295814818.0,453948487.0,0.6178342712431084
A0A0R0HZP7,3,312325199.5,455696182.0,0.5450233073661102
A0A0R0I0I4,1,2764865464.7,4425542165.0,0.6786449257080999
A0A0R0I0I4,2,2552382498.5,4511252302.8,0.8216834278443963
A0A0R0I0I4,3,2577325928.0,4431737440.0,0.7819974193001025
A0A0R0I0S2,1,95129929.75,261615237.5,1.4594753536164276
A0A0R0I0S2,2,390787096.5,174608034.0,-1.1622628901299794
A0A0R0I0S2,3,223846392.3,104479954.5,-1.0992828930035432
A0A0R0I1N0,1,798769349.5,471466989.8,-0.7606222117279112
A0A0R0I1N0,2,747463639.0,609318600.8,-0.2948066174096596
A0A0R0I1N0,3,887741469.0,609310410.0,-0.5429622024825516
A0A0R0I1V0,1,755200619.0,1651717360.0,1.1290349832217106
A0A0R0I1V0,2,663769255.5,1756886935.7,1.4042676365746394
A0A0R0I1V0,3,774688274.5,1770051823.8,1.1921037916764154
A0A0R0I1X8,1,192835004.2,1497108482.7,2.956739900638413
A0A0R0I1X8,2,210997390.14,1416632687.3,2.7471686772126938
A0A0R0I1X8,3,221264256.44,1410317182.2,2.6721773444909696
A0A0R0I1Y2,1,1528765082.0,1354489299.7,-0.1746177352303107
A0A0R0I1Y2,2,1524965476.0,1719166402.0,0.1729326117047271
A0A0R0I1Y2,3,1528724167.8,1551709973.5,0.02153081148052101
A0A0R0I270,1,145697741.0,102891148.0,-0.5018596403528027
A0A0R0I270,2,130771669.0,132611624.0,0.02015721731290467
A0A0R0I270,3,102679362.0,119932690.2,0.2240787126624937
A0A0R0I2J7,1,3388092698.0,3020046456.0,-0.16590260521216174
A0A0R0I2J7,2,3201497952.0,2965907119.0,-0.11027366832625506
A0A0R0I2J7,3,2648532589.75,2614115642.2,-0.018870296955402766
A0A0R0I2M6,1,643163450.0,833428568.0,0.37387313044800186
A0A0R0I2M6,2,639479514.0,735557398.0,0.20193978169044915
A0A0R0I2M6,3,693429193.0,878431496.0,0.341181208323543
A0A0R0I6W7,1,870828792.0,700118486.0,-0.31479000758972786
A0A0R0I6W7,2,726937868.0,812672346.5,0.1608417422351543
A0A0R0I6W7,3,852674712.0,931445180.0,0.12747539130250543
A0A0R0I7I9,1,135721812.5,53635941.0,-1.3393806339490526
A0A0R0I7I9,2,106042607.0,82506981.0,-0.36205594609154895
A0A0R0I7I9,3,138315924.5,107884482.0,-0.35847990160415444
A0A0R0I7T2,1,2939712832.7,1777438371.0,-0.7258756933223464
A0A0R0I7T2,2,2778960815.2,2257460029.2,-0.29984504848981497
A0A0R0I7T2,3,2968846949.2,2110963662.7,-0.49200097612448185
A0A0R0I9J5,1,437168000.0,345500600.0,-0.33949958588457346
A0A0R0I9J5,2,451246134.0,431490826.0,-0.06458468558172814
A0A0R0I9J5,3,420637726.0,418282744.0,-0.008099766065146778
A0A0R0I9K3,1,1220354651.0,1205972268.5,-0.017103742096875454
A0A0R0I9K3,2,1312764335.0,1028906548.0,-0.3514959963433293
A0A0R0I9K3,3,1140272359.0,1482254806.0,0.3784150149483191
A0A0R0I9M4,1,811407246.0,963451182.2,0.24778538131619376
A0A0R0I9M4,2,774830837.0,972799445.0,0.32826103371093823
A0A0R0I9M4,3,777954312.3,1009573251.0,0.37598825500548133
A0A0R0IAF2,1,2084739519.0,2587943948.0,0.3119392353222175
A0A0R0IAF2,2,1894229244.0,2452184478.0,0.372456577494783
A0A0R0IAF2,3,1690023477.0,3041901831.0,0.8479303069283999
A0A0R0ID39,1,797873950.0,639495374.0,-0.3192269211636218
A0A0R0ID39,2,756263798.0,784192200.0,0.052317732677454924
A0A0R0ID39,3,753728353.5,745870346.5,-0.015119793707977624
A0A0R0IG71,1,844770648.0,691899977.0,-0.28799621547329723
A0A0R0IG71,2,854851506.0,849597436.0,-0.008894422772979933
A0A0R0IG71,3,821305122.0,823771432.0,0.004325799748862943
A0A0R0IHS1,1,445160971.0,482119382.0,0.1150633181185182
A0A0R0IHS1,2,390875355.0,427063019.5,0.12774035223223382
A0A0R0IHS1,3,718933146.0,549705777.0,-0.3871979787635863
A0A0R0IIX2,1,557399015.0,867723382.0,0.6385247520839699
A0A0R0IIX2,2,770291746.3,856917363.7,0.15375111875911684
A0A0R0IIX2,3,570877206.9,788027854.0,0.46506616296236525
A0A0R0IK90,1,2997593127.4,1404988891.6,-1.0932458511362522
A0A0R0IK90,2,3534427695.15,1712496291.0,-1.0453757651291753
A0A0R0IK90,3,3197402364.9,1400574809.8,-1.1908812609296464
A0A0R0IK92,1,1671592536.8,1914210006.2,0.19552589268675172
A0A0R0IK92,2,1503029759.7,1768352170.0,0.23453204361338068
A0A0R0IK92,3,1355165073.45,2285778816.0,0.7542172097240992
A0A0R0ILS3,1,682922949.0,1214284125.1599998,0.830311310867746
A0A0R0ILS3,2,719614494.8,697457924.6,-0.04511805989531456
A0A0R0ILS3,3,965322602.5,796808143.5,-0.276778767175816
A0A0R0INP8,1,188442970.5,1382631662.0,2.8752169844012196
A0A0R0INP8,2,202397371.0,1301881311.5,2.685335472776516
A0A0R0INP8,3,218146227.5,1524002680.0,2.8044980099777517
A0A0R0IPA5,1,2031415317.1,2723012388.86,0.4227183215118531
A0A0R0IPA5,2,1674338851.0,2439363351.6,0.5429131399545316
A0A0R0IPA5,3,2101385706.2,2343364813.5,0.15724057867413996
A0A0R0IQ92,1,2915030198.2,1543306713.35,-0.9174860206622235
A0A0R0IQ92,2,2743498023.4,1458067950.04,-0.9119585815428609
A0A0R0IQ92,3,3213214509.16,1541656404.0,-1.059536035032136
A0A0R0IR93,1,710635775.5,915146402.0,0.3648922392725935
A0A0R0IR93,2,701312745.5,861351488.56,0.29654412561092736
A0A0R0IR93,3,800632923.0,829577690.5,0.05123615453310186
A0A0R0IRH4,1,9356359284.3,12074656816.2,0.36796301824352357
A0A0R0IRH4,2,9834844850.4,12218896801.0,0.3131398368774699
A0A0R0IRH4,3,10137740213.5,10311688201.6,0.024544446688027154
A0A0R0IRJ4,1,597303978.0,442436648.8,-0.43299443532106907
A0A0R0IRJ4,2,571085227.0,470860717.7,-0.2784056964764258
A0A0R0IRJ4,3,598898742.0,480163849.5,-0.31878531164604756
A0A0R0IRN6,1,7077670272.0,6154713180.5,-0.20158292600284516
A0A0R0IRN6,2,4640207621.0,6174564302.0,0.41214798027608796
A0A0R0IRN6,3,6640631668.0,4256353708.9,-0.6417024338857761
A0A0R0ISR2,1,891963002.0,317312468.7,-1.491079656761662
A0A0R0ISR2,2,874305809.5,414938058.94,-1.075241995188304
A0A0R0ISR2,3,852531154.8,383047789.5,-1.154228161044344
A0A0R0IU60,1,17364121354.3,19370668457.36,0.15776432994832448
A0A0R0IU60,2,16433072943.4,18400916100.6,0.16317530763738183
A0A0R0IU60,3,17079223629.4,18719244845.0,0.13227984035232998
A0A0R0IV52,1,743601840.8,1253024041.8,0.752811849154493
A0A0R0IV52,2,783241068.0,1103965689.8,0.4951670177698925
A0A0R0IV52,3,783135188.8199999,1064376015.64,0.44267462698327276
A0A0R0IYE6,1,19655651397.239998,23286392519.66,0.24454298136660535
A0A0R0IYE6,2,20108818560.2,26893594623.2,0.4194342776293107
A0A0R0IYE6,3,20575965322.6,23938425072.2,0.21836812300723105
A0A0R0IZ51,1,587041206.5,166885428.5,-1.8146037826038484
A0A0R0IZ51,2,711790406.5,118232104.0,-2.58983065933265
A0A0R0IZ51,3,448106190.0,333820338.0,-0.4247688020143029
A0A0R0J0C6,1,60381559.3,33341788.0,-0.8567765407097406
A0A0R0J0C6,2,25366030.0,37643150.0,0.5694896156586577
A0A0R0J0C6,3,56126993.6,55335836.0,-0.02048069870456655
A0A0R0J4A0,1,201175464.0,264794251.0,0.39641743965686915
A0A0R0J4A0,2,201176909.0,433227824.0,1.1066611800978292
A0A0R0J4A0,3,154418973.0,312759080.0,1.0182017460758956
A0A0R0J4T8,1,362562857.5,283795013.5,-0.3533818964182995
A0A0R0J4T8,2,253929531.0,341454333.0,0.42726445712146693
A0A0R0J4T8,3,303184400.0,236284821.5,-0.3596685669998762
A0A0R0J5W4,1,6165620532.7,6551935494.5,0.0876750528109558
A0A0R0J5W4,2,5871443771.5,6669968866.0,0.18396472562152702
A0A0R0J5W4,3,6303454712.5,6933251607.0,0.13738937851284663
A0A0R0J7J3,1,447033550.0,147759584.0,-1.5971314004630064
A0A0R0J7J3,2,441376530.0,161140166.0,-1.453693770145652
A0A0R0J7J3,3,449875788.5,172986810.0,-1.378864687176642
A0A0R0J818,1,4425673039.3,3620022256.2,-0.28989830423627
A0A0R0J818,2,4810980707.0,3899083023.2,-0.3031961395571004
A0A0R0J818,3,4538144944.5,3816215517.5,-0.24996003959209764
A0A0R0J8D5,1,37272008720.8,43075713614.0,0.20878212394518653
A0A0R0J8D5,2,37263879491.0,40544985132.44,0.12174560448218301
A0A0R0J8D5,3,37554014656.0,34915509932.5,-0.10509910206346222
A0A0R0J8T0,1,35765903.0,76759240.0,1.1017555609101863
A0A0R0J8T0,2,500000.10443353065,14472396.0,4.855231582817592
A0A0R0J8T0,3,18077768.0,32728264.0,0.8563205156322323
A0A0R0JB89,1,431513922.0,547262077.0,0.34282478115869836
A0A0R0JB89,2,464130214.0,1304546060.0,1.4909463603231319
A0A0R0JB89,3,522082918.0,663870696.0,0.34662331507739635
A0A0R0JC18,1,455689797.1,467962282.0,0.03834018357063332
A0A0R0JC18,2,373756536.0,290159926.9,-0.36525052143794584
A0A0R0JC18,3,522658577.5,435922268.38,-0.26179792195276663
A0A0R0JCI5,1,28059342.8,85259515.0,1.603379629678298
A0A0R0JCI5,2,23586146.0,46053280.5,0.9653642270420721
A0A0R0JCI5,3,500000.03868108534,52999240.0,6.727899655102382
A0A0R0JFL1,1,1293162442.8,1277601243.2,-0.017465891412459675
A0A0R0JFL1,2,1148705893.3,1394194870.54,0.2794227572280143
A0A0R0JFL1,3,1324208980.0,1316418756.0,-0.0085123321129325
A0A0R0JFR0,1,499999.8068643327,4125379.2,3.044527293555323
A0A0R0JFR0,2,19069600.0,500000.2089229816,-5.253202074357349
A0A0R0JFR0,3,66659960.0,499999.5124635119,-7.058749953365302
A0A0R0JI98,1,2438316529.9,2055883234.7,-0.24612709347402908
A0A0R0JI98,2,2212757409.2,2085579754.0,-0.08539681017560792
A0A0R0JI98,3,2583647361.76,2219568637.7,-0.21912984904005617
A0A0R0JK73,1,632015206.0,610645413.5,-0.04962438311646427
A0A0R0JK73,2,594513940.0,618763564.4,0.057677608586892824
A0A0R0JK73,3,539496189.8,602822192.5,0.16011975908266318
A0A0R0JKU3,1,2887425361.9,3073050238.4,0.08988769811818056
A0A0R0JKU3,2,3210858319.06,3384175899.0,0.07584555050119718
A0A0R0JKU3,3,3194911460.5,3353476094.1,0.06988136675311275
A0A0R0JKX3,1,500000.19405239343,29582344.0,5.886663905974072
A0A0R0JKX3,2,12596804.0,25638052.0,1.0252289024160324
A0A0R0JKX3,3,48666490.0,59731424.0,0.2955613900268451
A0A0R0JLD9,1,156371067.06,135945885.0,-0.20194111663694675
A0A0R0JLD9,2,123174922.5,163547256.5,0.4089989945343606
A0A0R0JLD9,3,189365052.2,135611809.0,-0.48168728933172883
A0A0R0JLP5,1,438381032.0,257923881.0,-0.7652400192112071
A0A0R0JLP5,2,397841993.9,337546994.5,-0.23710719344310893
A0A0R0JLP5,3,421982979.84000003,176534814.2,-1.2572320872333291
A0A0R0JPD9,1,379951544.2,215402255.0,-0.8187820879621401
A0A0R0JPD9,2,474880352.0,241178825.5,-0.9774608162936597
A0A0R0JPD9,3,379452578.0,260749242.5,-0.5412565348280189
A0A0R0JPJ7,1,1484351917.04,1690508325.3,0.1876239477888877
A0A0R0JPJ7,2,1555684493.8,1617919877.9,0.056590665840780534
A0A0R0JPJ7,3,1371928211.6,1701101020.5,0.3102638264176277
A0A0R0JQ91,1,13205041325.2,9188669819.3,-0.5231608837513145
A0A0R0JQ91,2,8752382126.7,11091673327.5,0.34172939948759407
A0A0R0JQ91,3,12884270567.8,11760681933.0,-0.13163914650912553
A0A0R0JQU1,1,2311062741.8,1630508874.5,-0.5032341339108225
A0A0R0JQU1,2,2046637100.0,1375109033.7,-0.5737092973533228
A0A0R0JQU1,3,2255383765.4,1072068137.0,-1.0729763350172707
A0A0R0JUA4,1,272759170.0,139814750.0,-0.9641111315453466
A0A0R0JUA4,2,242084778.0,170149549.0,-0.5087090399709338
A0A0R0JUA4,3,297163076.0,172576271.5,-0.7840207511821855
A0A0R0JXF4,1,4798980482.7,3059902978.2,-0.6492420362466306
A0A0R0JXF4,2,5614546916.6,1882642744.3000002,-1.5764103485750638
A0A0R0JXF4,3,4911948031.2,2751831587.3,-0.8359031174737815
A0A0R0JXX0,1,121243630.0,500000.0381301348,-7.92176503151751
A0A0R0JXX0,2,141080734.5,12884674.0,-3.4527930513111285
A0A0R0JXX0,3,195164214.5,499999.7499464206,-8.608545454462984
A0A0R0JYS9,1,6830662046.0,4392091449.0,-0.6371173217223339
A0A0R0JYS9,2,6543987456.5,4669688276.0,-0.4868437365644167
A0A0R0JYS9,3,7006194874.2,4887468115.1,-0.5195438260338282
A0A0R0K095,1,6155590342.0,2041495916.8,-1.5922705406655149
A0A0R0K095,2,3403640606.2,3455292236.8,0.021729024525842244
A0A0R0K095,3,5493710854.3,5224631448.2,-0.07245170896435878
A0A0R0K0S0,1,27736266.0,91358954.0,1.7197725552407754
A0A0R0K0S0,2,126073061.0,47235726.0,-1.4163096995582964
A0A0R0K0S0,3,81637120.0,46299838.0,-0.8182181421702941
A0A0R0K0X7,1,377963156.0,482864770.0,0.35337360095383535
A0A0R0K0X7,2,379295914.0,440540598.0,0.21595114662073786
A0A0R0K0X7,3,355269987.0,464778834.5,0.38762855575889915
A0A0R0K1N9,1,270633359.0,218214611.6,-0.31059197334640265
A0A0R0K1N9,2,405361485.4,164129917.0,-1.304370788582925
A0A0R0K1N9,3,295715805.6,244706646.0,-0.2731580713937033
A0A0R0K1P1,1,151598771.0,197159426.0,0.37910462820373325
A0A0R0K1P1,2,131887672.0,275152772.0,1.0609231458701587
A0A0R0K1P1,3,136906780.5,247460612.0,0.8540050116202996
A0A0R0K2E6,1,4085469973.8,4463936002.5,0.12781429506345326
A0A0R0K2E6,2,3716659747.3,2716205464.1,-0.4524140037811734
A0A0R0K2E6,3,3949668643.3,3014879321.7,-0.3896313680393125
A0A0R0K416,1,356590635.4,332800802.0,-0.09960990598290174
A0A0R0K416,2,515661742.2,481959383.0,-0.09751344473566517
A0A0R0K416,3,348243975.4,425821971.0,0.2901519954808325
A0A0R0K737,1,1289094271.5,1481124441.5,0.20033508656160873
A0A0R0K737,2,1304417033.0,1532340852.0,0.23233205930858616
A0A0R0K737,3,1076878561.0,1421880052.0,0.40094419903177414
A0A0R0K796,1,120679531.5,116567045.0,-0.05002102302793288
A0A0R0K796,2,104585051.0,114842759.0,0.1349832427672207
A0A0R0K796,3,86081866.0,132639647.0,0.6237308157373035
A0A0R0K869,1,590629720.0,238123031.0,-1.3105467902736867
A0A0R0K869,2,585460692.5,228060980.0,-1.3601526818017555
A0A0R0K869,3,407350977.3,325684931.1,-0.32279539927201806
A0A0R0KA84,1,30738439142.85,43201836824.3,0.4910487444031396
A0A0R0KA84,2,26600445901.4,41514681831.56,0.6421712117880465
A0A0R0KA84,3,30257507995.15,47346014265.9,0.6459498080180875
A0A0R0KB83,1,1892835438.8,2350747518.0,0.3125706046288536
A0A0R0KB83,2,2270003608.0,2205519853.0,-0.04157584365674783
A0A0R0KB83,3,1983708936.0,2174339128.0,0.1323766139312687
A0A0R0KFE8,1,37533106788.2,36212476132.0,-0.05167688508252218
A0A0R0KFE8,2,40578209611.5,37898454480.0,-0.09856619633248874
A0A0R0KFE8,3,41811591297.75,35412061168.56,-0.23966213299988592
A0A0R0KFL7,1,167702723.8,681743481.5,2.0233228797496947
A0A0R0KFL7,2,169832169.2,592346885.0,1.8023325251854405
A0A0R0KFL7,3,27202678.5,610494999.0,4.488158859189916
A0A0R0KGZ8,1,99417009.5,46367102.0,-1.1003911477949873
A0A0R0KGZ8,2,103260830.0,50088168.0,-1.043751349118965
A0A0R0KGZ8,3,117431107.4,28990476.0,-2.018163701174712
A0A0R0KIG7,1,117867253.5,2402085232.0,4.349052480406999
A0A0R0KIG7,2,116976034.0,2618463458.0,4.484435584927817
A0A0R0KIG7,3,140736150.1,2681155606.5,4.251790093372706
A0A0R0KIX6,1,414666049.0,327976056.0,-0.3383594364058289
A0A0R0KIX6,2,347005469.2,449475591.0,0.3732843700870074
A0A0R0KIX6,3,467013186.9,304352727.0,-0.6177189950032304
A0A0R0KJC6,1,19165042.8,52962942.0,1.4665060435743085
A0A0R0KJC6,2,92145174.5,175374579.8,0.9284591258882408
A0A0R0KJC6,3,63901961.0,107714197.0,0.7532763033596686
A0A0R0KJF0,1,2067437064.0,1574956628.7,-0.39253131209262865
A0A0R0KJF0,2,2066806560.56,1660314208.0,-0.3159470765271926
A0A0R0KJF0,3,2039964732.5,1737594883.0,-0.231452450979067
A0A0R0KKR3,1,240476868.17,1041059097.5,2.114081937227126
A0A0R0KKR3,2,440750617.5,759153755.9,0.7844295220039925
A0A0R0KKR3,3,394289747.0,1019041920.4,1.3698853003641354
A0A0R0KL47,1,1975143200.0,2062788790.0,0.0626388564835847
A0A0R0KL47,2,2001460624.0,1793050044.0,-0.1586374785878746
A0A0R0KL47,3,865082525.0,2071122504.0,1.2595032184015007
A0A0R0KL80,1,2157921617.1,6169523520.7,1.5155166104135829
A0A0R0KL80,2,2396617470.7,6247097645.7,1.382186424541
A0A0R0KL80,3,1898945972.1,5752046973.8,1.5988765983172457
A0A0R0KNE8,1,9062482995.6,10202676452.4,0.1709693736862839
A0A0R0KNE8,2,9429537313.76,10282805425.1,0.12497503619338611
A0A0R0KNE8,3,10155609027.3,9620905546.1,-0.07803216407492372
A0A0R0KPC8,1,6695222373.5,7036805639.5,0.07178869185335418
A0A0R0KPC8,2,6731591423.9,5660023400.2,-0.25013959689228765
A0A0R0KPC8,3,6773247017.3,7131184430.0,0.07429410497032861
A0A0R0KSS1,1,867659687.0,1073525150.0,0.3071547846407301
A0A0R0KSS1,2,956974753.5,883752018.8,-0.11483925909980218
A0A0R0KSS1,3,929731306.0,744985698.0,-0.3196011055891379
A0A0R0KU36,1,236930363.5,163551854.0,-0.5347149834227017
A0A0R0KU36,2,236171748.8,93721646.44,-1.3333821939763555
A0A0R0KU36,3,171389201.5,121626927.5,-0.4948135457723696
A0A0R0KWB3,1,944995892.0,237441537.5,-1.9927357188416928
A0A0R0KWB3,2,904857617.5,522323117.0,-0.7927482409762507
A0A0R0KWB3,3,903157750.0,360442985.0,-1.3252069264708297
A0A0R0L0W8,1,884780875.8,2084598090.0,1.2363771515094146
A0A0R0L0W8,2,1007904875.0,2269288245.5,1.1708803868709508
A0A0R0L0W8,3,970595115.5,2866571699.0,1.5623848594316891
A0A0R0L1Z4,1,778650265.6,905412215.5,0.21759929048739193
A0A0R0L1Z4,2,635389041.1,662174473.0,0.05957118821302931
A0A0R0L1Z4,3,692800139.7,622191256.0,-0.15508110095914415
A0A0R0L378,1,243723644.0,143325954.0,-0.7659463340097272
A0A0R0L378,2,230010476.0,106727487.5,-1.1077677833921777
A0A0R0L378,3,260630820.0,133106738.0,-0.9694240911218044
A0A0R0L5B0,1,110873850.0,108508046.0,-0.03111711657670227
A0A0R0L5B0,2,184553736.0,46942564.0,-1.9750723939287322
A0A0R0L5B0,3,211574481.0,80117130.6,-1.4009829706886918
A0A0R0L9T9,1,1679087827.5,594036862.2,-1.4990533313105534
A0A0R0L9T9,2,1924683466.22,609897253.84,-1.6579830743709163
A0A0R0L9T9,3,1490815980.06,643025820.56,-1.2131536135836563
A0A0R0LAF9,1,215455950.0,134440536.5,-0.6804247352476673
A0A0R0LAF9,2,207858759.3,177741522.5,-0.22582279414053374
A0A0R0LAF9,3,303230844.0,160413994.0,-0.9186165055106977
A0A0R0LCF1,1,501792483.0,457144629.5,-0.13444018760468684
A0A0R0LCF1,2,438571731.0,493608071.0,0.1705531609554469
A0A0R0LCF1,3,486699844.6,433979002.0,-0.16540707416869874
A0A0R0LCV7,1,708584179.5,438999987.4,-0.6907183565307199
A0A0R0LCV7,2,828246052.5,520133472.5,-0.6711775386517812
A0A0R0LCV7,3,431322780.65,551774578.48,0.3553110748021957
A0A0R0LJG5,1,473228628.2,572186438.3,0.2739479511034575
A0A0R0LJG5,2,409471496.6,458085560.9,0.16185406001355213
A0A0R0LJG5,3,489681147.9,536427629.6,0.13154089237539218
A0A0R4J2L6,1,5320751936.3,5805457510.0,0.12577962199951084
A0A0R4J2L6,2,5123107613.5,5701317555.7,0.1542761632181286
A0A0R4J2L6,3,5679589456.04,5461025973.8,-0.056614631006781144
A0A0R4J2L9,1,10726139140.5,14249612434.0,0.4097918075076766
A0A0R4J2L9,2,12026438007.8,13808518974.5,0.19934918424132247
A0A0R4J2L9,3,11295625973.03,14335270058.5,0.34380486019651524
A0A0R4J2U8,1,17709689755.45,26672800654.7,0.5908303777226321
A0A0R4J2U8,2,18914034110.7,24624261715.2,0.3806233666451834
A0A0R4J2U8,3,19119177590.37,24339603880.2,0.34828522154931807
A0A0R4J309,1,40717995.5,23485132.0,-0.7939188385497469
A0A0R4J309,2,107103486.0,24489068.8,-2.1287956162406547
A0A0R4J309,3,44394275.5,1128163.2,-5.29832596955433
A0A0R4J332,1,303134174.0,303836948.0,0.003340814681246218
A0A0R4J332,2,288924036.0,228202309.0,-0.3403768395411805
A0A0R4J332,3,262037062.0,308211228.0,0.23414854145150965
A0A0R4J387,1,580445190.0,236804466.0,-1.2934635537606962
A0A0R4J387,2,539076852.0,339267011.0,-0.6680698066332823
A0A0R4J387,3,557852691.0,286491224.0,-0.9613932620250047
A0A0R4J389,1,36110568793.05,45018887030.75,0.3181092455575621
A0A0R4J389,2,30964566585.4,40618174508.6,0.3915071498178803
A0A0R4J389,3,35777390327.75,40312525395.5,0.17218000601881456
A0A0R4J3E9,1,593963094.0,526081940.03,-0.1750857673419241
A0A0R4J3E9,2,556813115.9,514334603.94,-0.11448597460386518
A0A0R4J3E9,3,727017922.0,508225050.0,-0.5165234426059292
A0A0R4J3I5,1,708911661.5,1258616337.0,0.8281608070319948
A0A0R4J3I5,2,647179177.0,1185668723.0,0.8734638808888517
A0A0R4J3I5,3,622002336.5,1186495092.0,0.9317142279169789
A0A0R4J3N6,1,64039248.0,439759824.6,2.7796875372748406
A0A0R4J3N6,2,63930378.0,434669495.5,2.765345323662468
A0A0R4J3N6,3,43069553.0,482824561.4,3.4867588125276767
A0A0R4J3Y6,1,343444490.8,205060134.0,-0.7440298994547783
A0A0R4J3Y6,2,308485056.2,808954582.5,1.3908581038004229
A0A0R4J3Y6,3,383889143.2,299638495.5,-0.35746677651278286
A0A0R4J3Y9,1,12451195210.06,10040445646.7,-0.31046093058779656
A0A0R4J3Y9,2,13328581984.55,11350470330.83,-0.23177122172038703
A0A0R4J3Y9,3,13138261059.7,10565028134.1,-0.31447772846839145
A0A0R4J410,1,331455480.9,246905764.5,-0.4248545898350427
A0A0R4J410,2,360100626.5,230600877.9,-0.6430021041633724
A0A0R4J410,3,185911487.0,230871615.0,0.3124748953310213
A0A0R4J461,1,808253129.9,1266427620.0,0.647885531010015
A0A0R4J461,2,782454318.0,1394932165.0,0.834116535262367
A0A0R4J461,3,925494436.0,1324841427.0,0.517523469002245
A0A0R4J485,1,120355879.8,57801381.0,-1.0581307568096154
A0A0R4J485,2,105411907.2,29644858.0,-1.830184049953111
A0A0R4J485,3,96202613.0,34023495.0,-1.499544733411793
A0A0R4J4B4,1,16430139309.2,13328545080.7,-0.3018254056774554
A0A0R4J4B4,2,15825289939.35,17169184047.55,0.11758954608590903
A0A0R4J4B4,3,16320007341.32,17974696582.8,0.1393257115458361
A0A0R4J4C4,1,1398675160.1,1989172324.5,0.508107326107346
A0A0R4J4C4,2,1147831223.5,2347889273.0,1.0324538477338925
A0A0R4J4C4,3,1341177759.0,2705948727.0,1.0126340390606232
A0A0R4J4C8,1,14443467227.5,14488103464.0,0.004451644110406428
A0A0R4J4C8,2,15258217172.74,15435971046.6,0.01670984079116687
A0A0R4J4C8,3,14169688383.3,13634279825.8,-0.05556953327716943
A0A0R4J4J7,1,675751468.2,129228032.0,-2.3865736895240373
A0A0R4J4J7,2,433456727.0,107706561.0,-2.008781837950053
A0A0R4J4J7,3,488320848.0,88294218.0,-2.467438502291633
A0A0R4J4L1,1,2565989698.0,1821839138.0,-0.4941197984146984
A0A0R4J4L1,2,2552108719.25,1808096857.8,-0.49721782545028104
A0A0R4J4L1,3,2236750802.8,1535769934.0,-0.5424424248548453
A0A0R4J4U0,1,881585439.8,1000859706.7,0.1830674599795415
A0A0R4J4U0,2,885952632.0,728861979.5,-0.2815839209109411
A0A0R4J4U0,3,976328793.8,665831167.1,-0.5522106758280639
A0A0R4J5B9,1,1070303376.0,1131154324.0,0.07977598593414786
A0A0R4J5B9,2,1044604976.0,1169140322.0,0.16249061356461575
A0A0R4J5B9,3,1097898088.0,1346525536.0,0.29449744698899594
A0A0R4J5C5,1,199657828.2,378054899.3,0.9210661124583704
A0A0R4J5C5,2,40051573.0,223906237.6,2.4829639096904215
A0A0R4J5C5,3,234617652.0,231279607.5,-0.020673496376954655
A0A0R4J5K2,1,6886951768.2,7936191352.1,0.20458123808227777
A0A0R4J5K2,2,7152229452.5,7697656186.7,0.10602621435305751
A0A0R4J5K2,3,7638567713.1,6762471488.5,-0.17575154147230795
A0A0R4J5M7,1,413845660.5,312852796.5,-0.4036088297643131
A0A0R4J5M7,2,350778435.6,148050181.5,-1.2444738004471427
A0A0R4J5M7,3,420561860.0,312326345.0,-0.42926375350090407
A0A0R4J5Z8,1,18970303325.9,12059651123.16,-0.6535545751891312
A0A0R4J5Z8,2,16632448394.5,13831634367.9,-0.26602891977715826
A0A0R4J5Z8,3,17630102544.4,12496333430.42,-0.49653601255833735
A0A0R4J653,1,16846296964.6,26339074147.14,0.6447731307675556
A0A0R4J653,2,19357084139.595,22133951775.35,0.19339940341677267
A0A0R4J653,3,20069713776.74,24927083117.4,0.3126940315113476
A0A0R4J656,1,1596049448.5,1742910059.8,0.126992773764311
A0A0R4J656,2,1742854953.0,1489428975.21,-0.22669317891761812
A0A0R4J656,3,1553502012.56,1443906628.5,-0.10554665838088374
A0A368UGP5,1,449628567.3,289359492.2,-0.6358707292703621
A0A368UGP5,2,479232943.7,232224866.34,-1.045204623683552
A0A368UGP5,3,365821298.3,169490667.5,-1.1099332341300203
A0A368UGT8,1,1366035561.2,1635367235.5,0.25961960049017996
A0A368UGT8,2,1225402696.5,1683618271.5,0.4583091406691054
A0A368UGT8,3,1118518549.2,1687184897.0,0.5930289040287723
A0A368UH27,1,2113180495.0,2817681689.5,0.4150926423759228
A0A368UH27,2,2353210001.6,1898109338.2,-0.3100669737261448
A0A368UH27,3,2248833394.0,2615103669.0,0.21769135725070526
A0A368UHG2,1,366849606.0,403179060.3,0.1362319765933879
A0A368UHG2,2,491207790.6,239048947.0,-1.039027391471426
A0A368UHG2,3,362705052.0,246208882.0,-0.5589140322051406
A0A368UHI2,1,7854505185.5,6830989029.89,-0.20142591681832953
A0A368UHI2,2,7725898027.7,6686701230.73,-0.20840797836990055
A0A368UHI2,3,8541651066.1,6566465891.32,-0.37939785095284617
A0A368UI56,1,2610328584.2,2541179255.0,-0.03873327567681724
A0A368UI56,2,2589551059.9,2768609128.05,0.09645938321817948
A0A368UI56,3,2655844995.5,2506540740.8,-0.08347326477999323
A0A368UIA9,1,7006225636.5,5990972441.0,-0.22584725409429093
A0A368UIA9,2,1933225715.0,6021998012.0,1.6392321416339994
A0A368UIA9,3,6630665747.0,6478978234.7,-0.03338741905512515
A0A368UIN5,1,2571379919.2,12055130498.0,2.229032580343772
A0A368UIN5,2,2709502938.0,11218418830.5,2.049769234380837
A0A368UIN5,3,2542882440.5,11399512186.5,2.164435417468722
A0A368UJ31,1,8773873947.7,7042312599.5,-0.3171647115650826
A0A368UJ31,2,8044919496.5,6747497059.2,-0.2537255414177418
A0A368UJ31,3,8751145866.2,6544782341.6,-0.41912672077116303
A0A368ULI9,1,3192802580.0,3168266302.5,-0.011129746300174902
A0A368ULI9,2,2857615785.6,3559988884.5,0.317060781505501
A0A368ULI9,3,3027233712.4,3509789267.7,0.21338435158095187
A1YZE0,1,5346851261.0,13463845541.9,1.3323290817473148
A1YZE0,2,5698038975.1,19311200082.5,1.7609004274868931
A1YZE0,3,5744278288.7,18980450533.8,1.724316688505115
A5JVZ7,1,375541748.5,970211518.56,1.369326008387137
A5JVZ7,2,974335556.69,905703324.2,-0.10538016272850508
A5JVZ7,3,979355750.0,784673478.8,-0.31974057323277916
A5Z2K3,1,10500935564.5,15243662091.6,0.5376916649080802
A5Z2K3,2,11116170489.75,15852770074.5,0.5120750888461058
A5Z2K3,3,13141690172.8,16427041454.0,0.32192183635862537
A7BIC9,1,95407390.3,374420592.2,1.9724868542490117
A7BIC9,2,505271090.0,791443666.5,0.647429029736445
A7BIC9,3,119033611.8,481883831.0,2.0173163858493077
A8C8H5,1,4212070574.44,3312943220.2,-0.34641613173164476
A8C8H5,2,4882454039.2,4648632840.5,-0.07079998036942242
A8C8H5,3,5275625409.5,4754052501.8,-0.15018429521029547
B0M1A3,1,7203994665.5,8862267996.0,0.2988788418063859
B0M1A3,2,9217449823.7,8969933604.8,-0.03927035146064369
B0M1A3,3,8397292484.1,8728163547.0,0.05575389623943966
B0M1A6,1,414601589.0,433515951.0,0.06435943193374884
B0M1A6,2,395225194.5,351417840.0,-0.16948748488378376
B0M1A6,3,352826367.5,523040862.0,0.5679652791234414
B0M1B1,1,25014294810.22,19817233912.3,-0.33599717587302397
B0M1B1,2,24577352737.5,21522244421.5,-0.1915009938269749
B0M1B1,3,22794736836.6,19786661796.5,-0.20417251735926475
B1ACD3,1,1112118302.0,6089355984.0,2.452979391970262
B1ACD3,2,1265027055.0,5657172422.5,2.160912902911054
B1ACD3,3,1003119508.0,5283067956.0,2.3968824737525085
B6ZK00,1,384424175.0,216899108.0,-0.8256749447421611
B6ZK00,2,478401347.0,325303801.5,-0.5564337698227945
B6ZK00,3,324161184.0,368373058.0,0.1844562010162423
C6F117,1,712100249.1,564583138.5,-0.33489431457158125
C6F117,2,1224459726.0,542433062.5,-1.1746283009177454
C6F117,3,1012790426.94,646466524.0,-0.647688103403392
C6F119,1,1053496449.5,742837290.0,-0.504067307328061
C6F119,2,1272001220.0,736741966.5,-0.7878687250660455
C6F119,3,1010137476.8,1205849948.5,0.25549874180339976
C6K8D0,1,598021589.0,800516209.34,0.4207330479363377
C6K8D0,2,620143238.0,876952039.5,0.49989646240419167
C6K8D0,3,466286565.0,645728307.4,0.4697104109932826
C6SV68,1,407275530.7,830244101.0,1.0275304280474413
C6SV68,2,291875478.5,942625519.0,1.6913317289171794
C6SV68,3,547886758.0,1026001051.0,0.9050825684401899
C6SV85,1,64141132.0,109568054.0,0.7725055023506706
C6SV85,2,68844722.5,109394504.0,0.6681222891182391
C6SV85,3,81525741.0,97970600.0,0.26509322687084397
C6SVB1,1,135572767.1,24823896.0,-2.449265946268639
C6SVB1,2,148132811.3,76299813.5,-0.9571397960375435
C6SVB1,3,82682325.8,201402453.0,1.2844303783716808
C6SVC4,1,1127623432.0,702978804.0,-0.6817322671458366
C6SVC4,2,1162441441.9,808652122.3,-0.5235669404014599
C6SVC4,3,1156764206.5,824994121.0,-0.48763907339533313
C6SVC8,1,90412386.3,12755429.5,-2.8254089541658765
C6SVC8,2,101334411.6,14239463.219999999,-2.8311575066020636
C6SVC8,3,112759608.5,8023149.65,-3.8129378567300845
C6SVD0,1,327690663.0,524823539.0,0.6794978618332674
C6SVD0,2,256363196.0,415786044.5,0.6976521754833296
C6SVD0,3,396538632.5,688869938.0,0.7967701944532714
C6SVD7,1,485704549.0,933050167.5,0.9418756544595719
C6SVD7,2,544478100.0,848771265.2,0.6405017932114464
C6SVD7,3,574167482.0,735718633.5,0.3576825051046899
C6SVF1,1,2644266081.2,1725771934.0,-0.6156255358047609
C6SVF1,2,2302820018.0,1755932142.0,-0.39116456551123296
C6SVF1,3,2568683500.0,1890441628.0,-0.4423058364275814
C6SVF6,1,462091472.03,725809889.0,0.651413248764854
C6SVF6,2,495700885.2,595410564.0,0.2644149835360467
C6SVF6,3,462918818.6,695274531.5,0.5868235310100751
C6SVK2,1,1556847576.0,1166707999.0,-0.4161841716775717
C6SVK2,2,1435146600.0,1043443660.0,-0.4598454101948217
C6SVK2,3,1642749138.0,1214700597.0,-0.4355114271959114
C6SVM4,1,135823411.6,17352705.27,-2.9684996751573007
C6SVM4,2,375040663.5,25373910.2,-3.885629261680752
C6SVM4,3,332688328.3,14334307.5,-4.536627139248039
C6SVR0,1,5357112939.0,3381674239.4,-0.6637180214124468
C6SVR0,2,5026860695.0,3451403986.0,-0.542474358677635
C6SVR0,3,4588129495.0,3483801298.0,-0.3972437696712742
C6SVR2,1,400558547.0,253262851.0,-0.6613776515083439
C6SVR2,2,444409310.0,231269655.0,-0.942313058588881
C6SVR2,3,311518375.0,237594405.5,-0.3908163973156289
C6SVR8,1,1508179650.0,1003175107.0,-0.5882348341493424
C6SVR8,2,1571672866.0,757560207.0,-1.0528685045239614
C6SVR8,3,863353580.0,957799940.0,0.14977281981172685
C6SVX3,1,277706040.0,286112093.5,0.04302192379635193
C6SVX3,2,318744158.5,279862475.0,-0.18768084453445644
C6SVX3,3,269471030.0,366192372.2,0.442471558443288
C6SVX7,1,1780513952.0,2364742152.0,0.40938914218222694
C6SVX7,2,2202538591.5,2521642526.5,0.1951964732261945
C6SVX7,3,1904723413.6,2823180058.5,0.5677396267717499
C6SW13,1,443316515.0,521931667.0,0.23552382816253006
C6SW13,2,358073564.2,497151614.0,0.4734298793185537
C6SW13,3,340637016.8,702024248.0,1.0432856419923724
C6SW24,1,827695122.0,813551747.2,-0.024865341315791423
C6SW24,2,864931483.0,837395867.8,-0.04667605276889637
C6SW24,3,876555944.0,785507145.0,-0.15822177195820847
C6SW43,1,11490413004.3,12426638131.0,0.11300539211594414
C6SW43,2,14062535385.6,13781030273.2,-0.029172978283257874
C6SW43,3,13494130376.2,12312919987.5,-0.1321590708897236
C6SW56,1,1021913389.0,549982890.0,-0.893814285509921
C6SW56,2,1266748801.0,554228627.0,-1.1925773274284666
C6SW56,3,985970843.0,570679737.0,-0.7888636455781015
C6SWA7,1,110573315.0,58252144.5,-0.9246201901533772
C6SWA7,2,121751156.0,58088041.8,-1.0676223691926507
C6SWA7,3,125306448.0,63919118.8,-0.9711412302773702
C6SWA9,1,28676515.0,2708829.2,-3.4041283716578583
C6SWA9,2,46518009.5,499999.99287102936,-6.539717480842785
C6SWA9,3,67037277.8,32532353.0,-1.0430883929391896
C6SWD4,1,270093062.40000004,117296202.7,-1.2033002744190153
C6SWD4,2,225824763.0,349058065.0,0.6282633506780185
C6SWD4,3,391100980.0,310692656.3,-0.3320530095628434
C6SWG3,1,1606148416.22,923974659.0,-0.7976800214866344
C6SWG3,2,1585113263.5,850634370.9,-0.8979748760486511
C6SWG3,3,1726600325.5,935032427.95,-0.8848458603553669
C6SWG4,1,51540607.5,740494907.0,3.8447083657323082
C6SWG4,2,607246230.0,1726435378.0,1.5074428006141785
C6SWG4,3,675181352.0,739184023.0,0.13065851569484105
C6SWL2,1,229975330.0,161619468.0,-0.5088781186237626
C6SWL2,2,253440632.0,137292085.0,-0.884399382811619
C6SWL2,3,143056098.5,97442724.5,-0.5539546245532044
C6SWN5,1,313892117.6,107318587.0,-1.5483688359588972
C6SWN5,2,386194640.0,105073418.5,-1.8779303991445604
C6SWN5,3,339052396.0,100708528.2,-1.7513223809324052
C6SWP9,1,19081994198.2,21148811644.5,0.14836464966282348
C6SWP9,2,18250650236.2,19403566672.0,0.08837400077020016
C6SWP9,3,19302587614.6,18814134341.0,-0.0369773504577924
C6SWQ6,1,1591060709.5,1735606752.8,0.1254512193473149
C6SWQ6,2,1486638797.0,1970016171.0,0.4061533083675443
C6SWQ6,3,1651436983.1,2090814154.0,0.3403429118070992
C6SWV2,1,23297860.0,102935618.0,2.143472924136809
C6SWV2,2,18919410.0,58105810.38,1.6188153362845503
C6SWV2,3,61326464.0,89920810.27,0.5521452660847437
C6SWX1,1,1507113886.0,941954391.2,-0.6780593268894791
C6SWX1,2,1480663054.8,838089088.0,-0.8210678587451138
C6SWX1,3,1437677356.0,852358014.0,-0.7542085072496432
C6SWY1,1,185044010.0,101249050.0,-0.8699600638420202
C6SWY1,2,28043336.0,103298412.5,1.8810881970378364
C6SWY1,3,181719950.0,102400862.0,-0.8274889537031795
C6SX05,1,3993557543.0,6456403939.0,0.6930563407682777
C6SX05,2,3931944864.0,6748503112.0,0.7793244414037565
C6SX05,3,3994083336.7,5753627071.5,0.5266072790502382
C6SX79,1,682267042.0,838623290.0,0.2976863705520119
C6SX79,2,830268820.0,806821390.0,-0.04132918779609853
C6SX79,3,827716610.0,787597970.0,-0.07167751587196715
C6SX81,1,1051637986.0,752179480.0,-0.4834893050374486
C6SX81,2,1329174703.0,887696860.0,-0.5823917416613229
C6SX81,3,671776735.5,773469332.0,0.20336225602370758
C6SX86,1,867807308.0,462233512.0,-0.9087528762569079
C6SX86,2,651735274.0,480297696.0,-0.44035719239490956
C6SX86,3,855439502.0,309517984.0,-1.4666425915637835
C6SX98,1,104889700.0,105850116.0,0.013149835844520983
C6SX98,2,168206543.0,96000002.0,-0.8091274845075864
C6SX98,3,100051370.0,58119680.0,-0.7836422573538555
C6SXE1,1,200756090.0,204163086.0,0.02427828822496579
C6SXE1,2,209749076.0,374536160.0,0.8364405567395883
C6SXE1,3,266271878.0,337409862.0,0.3416020741149262
C6SXF0,1,1158177241.0,577994152.5,-1.0027292499097942
C6SXF0,2,1252557695.0,443534572.5,-1.4977585892270857
C6SXF0,3,629996202.06,511493051.0,-0.3006284912768899
C6SXG4,1,2458727.88,6662234.0,1.4380939538659145
C6SXG4,2,19874847.0,21766034.0,0.13113480295908653
C6SXG4,3,36683902.3,49494122.8,0.43211010620245216
C6SXJ9,1,1055740290.0,1195452282.0,0.17930156594260085
C6SXJ9,2,1063090275.0,1247801642.0,0.23112450083843789
C6SXJ9,3,1121579934.0,1253007268.0,0.15986233928246776
C6SXN0,1,504347356.0,444637770.0,-0.18178719028442059
C6SXN0,2,574396124.0,467850550.0,-0.2959982644998179
C6SXN0,3,453444885.0,597583668.0,0.39821351399020266
C6SXW7,1,756490972.0,275741476.0,-1.4560065768975203
C6SXW7,2,759501838.3,307304084.6,-1.3053865136764244
C6SXW7,3,715006822.3,392455614.0,-0.8654275104526882
C6SY07,1,219881881.2,65591549.5,-1.7451468654893587
C6SY07,2,333475285.8,55975174.9,-2.5747208097011374
C6SY07,3,333149904.9,40861193.2,-3.0273682434076212
C6SY73,1,915133531.5,485005162.7,-0.9159821649385735
C6SY73,2,903215684.7,524617620.8,-0.7838042738003151
C6SY73,3,939888872.4,595546241.0,-0.6582766600325359
C6SYB8,1,864531129.6,2030463668.0,1.2318193949523
C6SYB8,2,815540907.5,1819095523.1,1.1573921534022766
C6SYB8,3,880521866.0,1817979921.0,1.045905529459346
C6SYC1,1,543609862.5,564707574.3,0.054932351412471894
C6SYC1,2,449691864.3,602706200.0,0.42251812237395
C6SYC1,3,472935260.0,549971498.5,0.21771414804640896
C6SYE7,1,134165141.5,180229320.0,0.4258238479428691
C6SYE7,2,132382625.0,163781917.0,0.3070622959959667
C6SYE7,3,127598427.5,133211078.0,0.06210351402477203
C6SYH7,1,131617145.8,103970742.0,-0.340169839268025
C6SYH7,2,145454987.2,99400828.7,-0.5492429781903404
C6SYH7,3,116414947.5,110932512.9,-0.06959404703039589
C6SYJ4,1,181214564.0,83037277.5,-1.1258678590439801
C6SYJ4,2,151009296.0,65336277.0,-1.2086812089277459
C6SYJ4,3,218579450.0,80743626.0,-1.4367374894275096
C6SYN1,1,261989715.8,43311129.5,-2.596700479328312
C6SYN1,2,129692805.5,38613073.8,-1.747937140683557
C6SYN1,3,235106837.5,72860477.0,-1.6901081516113912
C6SYN5,1,237370191.8,286551132.0,0.2716538182684575
C6SYN5,2,187048816.0,307803148.0,0.7185931528347477
C6SYN5,3,215824612.0,277013836.0,0.3600986414308036
C6SYW1,1,93338222.33,500000.4113483357,-7.5443948987508715
C6SYW1,2,141747156.6,14369505.4,-3.302237485447282
C6SYW1,3,153204455.0,21635256.0,-2.8240021529792445
C6SZC5,1,96108452.5,142428304.0,0.5675006505699718
C6SZC5,2,72116323.5,39197388.0,-0.8795683293156702
C6SZC5,3,70206084.5,172736722.0,1.2989068431084358
C6SZF4,1,217065069.56,330944268.0,0.6084606993891013
C6SZF4,2,233135592.0,390999876.0,0.7459988774873928
C6SZF4,3,270052052.0,372058870.0,0.46229340293779986
C6SZI8,1,130869238.0,55654318.06,-1.2335604869729484
C6SZI8,2,114574211.5,91089927.0,-0.33091892674217555
C6SZI8,3,102621434.0,96465151.1,-0.08925233544989608
C6SZQ3,1,1686117215.8,876586587.1,-0.9437363242416407
C6SZQ3,2,1626823929.0,909823122.7,-0.838400111129998
C6SZQ3,3,1567036168.5,923921575.5,-0.7621961759823236
C6SZW2,1,488785265.7,329162472.0,-0.5704009335033615
C6SZW2,2,525300152.8,322428540.5,-0.704162551175
C6SZW2,3,580645674.0,352072203.1,-0.7217867321945356
C6SZX0,1,233840212.0,73952560.0,-1.660851047439382
C6SZX0,2,265062154.0,90671472.3,-1.547610078256084
C6SZX0,3,220126666.2,60377449.5,-1.8662522041855794
C6T020,1,93510434.0,68117518.0,-0.4571014830738952
C6T020,2,76066866.0,57304756.8,-0.4086132660224773
C6T020,3,90861850.0,72509352.0,-0.32550759896543674
C6T034,1,205724732.2,258971730.8,0.33207937787909736
C6T034,2,360604294.9,86855031.25,-2.0537352523406245
C6T034,3,286161796.0,77162703.0,-1.8908554912583682
C6T081,1,119373188.0,93344107.5,-0.3548479762850073
C6T081,2,178588140.0,91442230.0,-0.9657037825009211
C6T081,3,152139838.94,71193832.5,-1.0955738113944633
C6T0F2,1,214350949.3,332491908.8,0.6333444265572409
C6T0F2,2,324064178.5,293190580.8,-0.14444080101588433
C6T0F2,3,384034653.0,337700807.8,-0.1854908666686889
C6T172,1,814835778.0,1793961909.0,1.1385680249953434
C6T172,2,709720069.94,1738849416.0,1.2928109914338093
C6T172,3,976209096.0,1851141121.9,0.9231527839077626
C6T175,1,1345269140.0,1254652430.0,-0.10060707604580525
C6T175,2,1027234207.0,1238988086.0,0.2703971644577773
C6T175,3,1040837661.0,1721487111.06,0.7259103096898128
C6T1C8,1,3329248261.0,3148030204.0,-0.08074707285470596
C6T1C8,2,5595996160.0,3275155154.8,-0.7728317190720484
C6T1C8,3,3334113948.5,2979458238.5,-0.16225338540566944
C6T1G9,1,512121926.0,199415894.8,-1.3607069210842866
C6T1G9,2,591946815.0,148074997.8,-1.9991394942933547
C6T1G9,3,430817491.2,234125257.8,-0.8797962414733288
C6T218,1,858645.1,787219.94,-0.12529518768169112
C6T218,2,16374995.9,500000.11007578095,-5.033422322701466
C6T218,3,15335387.8,11658926.0,-0.3954297537179227
C6T2H2,1,90723960.0,134929592.0,0.5726512679557217
C6T2H2,2,157715675.75,47466837.56,-1.732334220592137
C6T2H2,3,235002371.7,149130532.0,-0.656099661172408
C6T3R4,1,454720463.0,279050726.5,-0.7044525262522705
C6T3R4,2,565928027.5,277762781.2,-1.0267652899721347
C6T3R4,3,559194445.5,270408526.3,-1.0482093882242696
C6T4F9,1,3517794085.0,2559236348.0,-0.45895764890919677
C6T4F9,2,2245568450.9,4011012502.5,0.8368857631320233
C6T4F9,3,3264557607.5,2387379826.8,-0.45145938573698635
C6T4P6,1,875388516.0,1153991572.0,0.39863732465720564
C6T4P6,2,854052352.0,1147316526.0,0.4258670499084461
C6T4P6,3,979185726.8,993526632.0,0.02097611159360524
C6T4V0,1,595147724.0,640536285.0,0.10603248846238163
C6T4V0,2,544799200.0,750429660.0,0.4619922652402912
C6T4V0,3,803159609.0,564272043.0,-0.5092958451288758
C6T5C9,1,510758024.5,391594950.0,-0.3832778051662172
C6T5C9,2,412046172.2,411230766.0,-0.0028578059487199326
C6T5C9,3,449486102.0,473954889.0,0.07647324137152199
C6T5U0,1,820267994.25,454163203.0,-0.8528845161339008
C6T5U0,2,907575623.5,452673861.0,-1.0035458576576146
C6T5U0,3,819210212.0,461115752.1,-0.829104749341329
C6T5V0,1,318082755.0,376241862.0,0.24225821950812818
C6T5V0,2,286491838.0,315184750.0,0.13770369470981195
C6T5V0,3,254279028.0,456232214.0,0.843355838435093
C6T750,1,379269613.5,338131863.0,-0.1656378183957069
C6T750,2,332481014.2,347989578.3,0.06577214028362986
C6T750,3,345057820.0,363164819.0,0.07378632170948177
C6T763,1,184744084.0,65891349.0,-1.4873671975398752
C6T763,2,231880436.5,160156272.0,-0.5339008088257261
C6T763,3,197052958.6,144036861.2,-0.45214534431825937
C6T7F3,1,2851904685.8,1911674017.0,-0.5770892332728876
C6T7F3,2,2362920811.0,2212437503.0,-0.09493457833844596
C6T7F3,3,1391177943.6,1663820381.0,0.25819272987851105
C6T7H0,1,43365187.2,263710805.0,2.604347441305855
C6T7H0,2,332415159.0,259943036.0,-0.3547906690355409
C6T7H0,3,6463888.0,251874664.0,5.284159998184179
C6T7J8,1,749764806.8,776830710.5,0.051162127470731934
C6T7J8,2,707504666.5,803153625.5,0.18293630616303239
C6T7J8,3,723072082.0,751205126.0,0.05506743303902971
C6T7N2,1,40618788346.9,37871666683.2,-0.10102829110583178
C6T7N2,2,38942516336.3,43604672609.3,0.16313663101523868
C6T7N2,3,38370092163.1,40971718522.1,0.09464617641250797
C6T7T3,1,6732127.4,235968240.0,5.131386405028617
C6T7T3,2,12878908.9,298152554.5,4.532968418733547
C6T7T3,3,5276953.8,281384702.0,5.7366947329781866
C6T868,1,24491271489.0,29146236258.0,0.25104192105088274
C6T868,2,20858456957.0,32596639782.0,0.6440908164291221
C6T868,3,24213232454.5,30949733753.0,0.35413130735459813
C6T883,1,894236790.5,215773548.0,-2.05113888861807
C6T883,2,625482202.2,272856820.0,-1.196824729744092
C6T883,3,783210680.4,202857288.5,-1.948935300305055
C6T8R3,1,595473721.01,128126764.8,-2.2164659653489807
C6T8R3,2,612567875.8,125478717.5,-2.2874270225162667
C6T8R3,3,314853006.0,124708104.1,-1.3361232201755158
C6T8R7,1,30443099970.0,26999374880.5,-0.17318926876129018
C6T8R7,2,23033153825.0,30264613071.3,0.3939199401917181
C6T8R7,3,34905217275.5,36613480731.0,0.06893224086513482
C6T8V8,1,215084118.0,226877811.0,0.07701451928225084
C6T8V8,2,173294817.0,231598345.5,0.4183964407918338
C6T8V8,3,196528003.5,234733736.62,0.2562903067210096
C6T977,1,803056766.8,785252604.5,-0.032345150186413325
C6T977,2,845632808.0,404067364.0,-1.0654355184099182
C6T977,3,583764951.9,488935899.5,-0.25574225957270824
C6T9R8,1,27151395467.3,30562137017.0,0.17071907706274664
C6T9R8,2,27116721697.18,25236393161.4,-0.10367704094415309
C6T9R8,3,30275552535.4,23312291896.9,-0.37706244281594065
C6TA29,1,1431904516.4,469224147.0,-1.6095861289591102
C6TA29,2,1632343987.4,848767516.0,-0.9435037639635256
C6TA29,3,1386663299.7,818768773.0,-0.7600895390155379
C6TAH8,1,408429248.5,312820412.5,-0.3847515283878383
C6TAH8,2,396768056.64,322888502.0,-0.2972598128462815
C6TAH8,3,272097664.5,374372900.0,0.4603514317642982
C6TAT2,1,286091506.5,1595282133.0,2.4792630212223767
C6TAT2,2,266339732.8,1140248924.0,2.0980092365366705
C6TAT2,3,281282120.1,1546820173.0,2.459215729965107
C6TAY3,1,221913220.5,207000219.5,-0.10036332124349108
C6TAY3,2,181874080.6,181369116.5,-0.00401114007365886
C6TAY3,3,178774163.5,201967043.8,0.17598164596116248
C6TBN2,1,2067230825.7,3994496012.0,0.9503140007386722
C6TBN2,2,2301263489.0,4069717174.5,0.8225023596570284
C6TBN2,3,2111834895.3,3841554034.7,0.8631929983049723
C6TBQ2,1,174147470.0,499999.85748519603,-8.444166114708574
C6TBQ2,2,163383850.0,161242660.0,-0.01903189602708335
C6TBQ2,3,31014964.0,499999.6582857583,-5.954893531197769
C6TC92,1,4680890701.6,2961441294.4,-0.6604835912264257
C6TC92,2,6492482749.4,4503944595.73,-0.5275811951157627
C6TC92,3,5596925310.7,4240991456.5,-0.4002329189063357
C6TCH7,1,1202430125.1,1029195604.5,-0.22443585868060406
C6TCH7,2,1094973288.8,990615056.3,-0.144499222908693
C6TCH7,3,1350549780.0,924287388.1,-0.5471334144412049
C6TD56,1,1548647848.0,6518554549.0,2.0735429684396958
C6TD56,2,1409364637.8,6778410604.0,2.265902109950499
C6TD56,3,1459044083.0,7053827818.0,2.2733828874535873
C6TDC0,1,591596851.0,615193691.2,0.056426335401948774
C6TDC0,2,499936832.0,503156090.0,0.009260205900538769
C6TDC0,3,543717411.8,589727972.0,0.11719259655567914
C6TEA3,1,605222160.0,288237530.5,-1.07020661578592
C6TEA3,2,503152388.0,351538790.0,-0.5173115201842461
C6TEA3,3,422360887.75,282823942.0,-0.578571987432236
C6TEE8,1,1082834401.7,1175564304.7,0.11854083032042143
C6TEE8,2,1164333224.7,1125884239.5,-0.04844550652924687
C6TEE8,3,1032572877.0,1421145558.0,0.4608107194427125
C6TEH0,1,3558156108.16,3973346698.1,0.159224874799516
C6TEH0,2,3690254251.5,3960162471.8,0.10183940166326695
C6TEH0,3,3631184661.3,3145852376.8,-0.20698932722121996
C6TFC1,1,52029830.0,17715059.0,-1.5543627231636412
C6TFC1,2,56923866.0,2526992.5,-4.493540358674118
C6TFC1,3,110940354.0,10017653.0,-3.469167784697846
C6TFG0,1,1959146204.0,965567399.0,-1.0207761932427732
C6TFG0,2,2040353378.0,1077673313.4,-0.9208991358580805
C6TFG0,3,1798121954.0,1015773574.5,-0.8239120244257941
C6TFI8,1,135560089.4,143223317.16,0.07933389317297328
C6TFI8,2,399736372.45,130882494.0,-1.6107767065478318
C6TFI8,3,244372743.8,105647366.2,-1.2098265814490206
C6TFJ4,1,257637935.9,122627928.9,-1.0710574439107743
C6TFJ4,2,151994535.8,363082219.0,1.2562768199116918
C6TFJ4,3,178831494.0,469260294.6,1.3917875633440404
C6TFP4,1,123927386.0,130962298.0,0.0796565065805198
C6TFP4,2,330874412.0,264702066.0,-0.3219142707820625
C6TFP4,3,261935341.2,88567120.0,-1.5643676145019394
C6TFW8,1,1330396963.5,2738992941.0,1.0417887669666466
C6TFW8,2,1524560111.0,2671225113.5,0.8091085274039461
C6TFW8,3,1395915319.4,2587546270.5,0.8903732353165552
C6TG97,1,636983162.5,500138888.4,-0.34892645149620954
C6TG97,2,566570089.2,670257857.0,0.24246178621907957
C6TG97,3,715194313.2,587007477.1,-0.28495638510634724
C6TGD9,1,3057542686.1,4061965993.0,0.4098055211242153
C6TGD9,2,2749617639.9,4315190418.0,0.6501932108254886
C6TGD9,3,3097647408.8,4266233437.9,0.4617899705774398
C6TGT0,1,561827564.0,493956859.0,-0.18574236091009175
C6TGT0,2,538180987.0,287186097.6,-0.9061055125813999
C6TGT0,3,535548066.0,437918281.2,-0.2903543868329404
C6TGZ7,1,1273520433.56,4624153084.0,1.8603670517347088
C6TGZ7,2,1343319489.7,4719055550.6,1.8126956839754207
C6TGZ7,3,1021352278.0,4580336390.0,2.164973000137025
C6TH59,1,1324961527.2,1066407840.44,-0.31319117630961446
C6TH59,2,935203491.2,1264143405.0,0.4348079120723951
C6TH59,3,1323865123.0,1359317947.5,0.03812679907019441
C6THU0,1,248204720.94,202559590.5,-0.2931841629998534
C6THU0,2,265039849.0,217360800.0,-0.28611750604630326
C6THU0,3,218821398.5,232587538.5,0.08801997674957718
C6TI51,1,290691353.0,248106823.0,-0.2285267469820177
C6TI51,2,275547330.0,229076716.0,-0.2664693212803468
C6TI51,3,213691829.0,220234311.0,0.04350750415688382
C6TID4,1,211083010.0,282350436.0,0.4196763977794807
C6TID4,2,277313400.0,253554715.0,-0.12922022779029466
C6TID4,3,270774185.0,282717802.0,0.062272526581672906
C6TIJ0,1,995712037.8,573364695.0,-0.7962754987135704
C6TIJ0,2,859833066.8,635157196.5,-0.4369429014912123
C6TIJ0,3,916777871.1,594940146.0,-0.6238276879160018
C6TIQ5,1,489073992.0,304513763.0,-0.6835453124313756
C6TIQ5,2,385026375.0,259088074.2,-0.5715146664732252
C6TIQ5,3,479027316.0,220058839.8,-1.1222186001925971
C6TIQ7,1,365701737.8,334482004.5,-0.12873888795108107
C6TIQ7,2,414053656.0,327842757.4,-0.3368137108171254
C6TIQ7,3,188815196.0,254977644.75,0.43339588522173406
C6TJG0,1,2192797208.2,2015777428.5,-0.1214360436211412
C6TJG0,2,2310683134.88,2203507902.5,-0.06851736528440418
C6TJG0,3,2083817382.3,2002115989.0,-0.05770329439428781
C6TJH2,1,1763100607.5,782750026.0,-1.1714912448630281
C6TJH2,2,1908716274.0,936264272.0,-1.027614954935199
C6TJH2,3,1771292466.2,772338366.0,-1.1974974974159136
C6TJX8,1,337306005.4,489172735.0,0.5362859903300072
C6TJX8,2,339281150.0,391280027.0,0.20572019124255692
C6TJX8,3,248891835.2,450412078.0,0.8557266104007548
C6TK33,1,1069534587.7,1373220648.5,0.36058031712545213
C6TK33,2,1344296330.5,1374279529.5,0.03182428503802265
C6TK33,3,986944653.76,1379991853.5,0.48361866228580846
C6TK73,1,10289179142.7,6889395194.0,-0.5786786481569186
C6TK73,2,10848671643.8,7991671657.0,-0.44094918853788057
C6TK73,3,9598273138.6,9210805814.2,-0.05944749140536052
C6TKB2,1,2731731332.0,2385499800.0,-0.19552403500664606
C6TKB2,2,2731143968.0,2511034222.0,-0.1212236748040902
C6TKB2,3,2580043813.5,3075934082.0,0.2536290210785341
C6TKQ3,1,1131343761.2,947320916.0,-0.2561122185226072
C6TKQ3,2,997847235.0,1032395482.5,0.04910486489800069
C6TKQ3,3,987149230.0,1424287730.0,0.5289005219678119
C6TLT7,1,1067066728.0,1022613098.2,-0.06138998644143532
C6TLT7,2,1112576383.0,993245999.5,-0.16368140380881838
C6TLT7,3,706121785.2,1097487734.0,0.6362158832136701
C6TM31,1,3453308881.6,4625258370.5,0.4215545759552896
C6TM31,2,4173338874.0,4966081110.0,0.25090575314494534
C6TM31,3,4953000837.9,4212463197.8,-0.23363878279421627
C6TMA8,1,222538046.2,349580992.0,0.6515747349404895
C6TMA8,2,316882400.06,358332706.2,0.1773521957255404
C6TMA8,3,276962897.8,358795094.5,0.37346744116317593
C6TMV9,1,360430957.0,370506953.3,0.0397776899380391
C6TMV9,2,340894091.0,384700391.5,0.17441170556510938
C6TMV9,3,346408524.0,333733840.0,-0.0537764500162409
C6TMX6,1,4013114808.2,3314661866.0,-0.27586072349438023
C6TMX6,2,3101457227.2,3519673591.5,0.18249541344028747
C6TMX6,3,3751003568.0,2974091502.0,-0.33482760074623447
C6TN35,1,24980350.0,4059911.8,-2.6212733998293625
C6TN35,2,41762708.0,8596144.3,-2.2804536569294074
C6TN35,3,58138116.0,499999.80762733973,-6.861412970804053
C6TNT2,1,3978804858.0,3652227360.6,-0.12355856362317753
C6TNT2,2,4117081595.0,3695600456.0,-0.15581325071927135
C6TNT2,3,3845745159.0,3965798962.0,0.044348380323908046
C6ZHS4,1,175624538.0,141482530.0,-0.3118705074171155
C6ZHS4,2,260028174.5,112440827.0,-1.2095019803497384
C6ZHS4,3,177053165.0,130099220.0,-0.44457032104350824
C6ZQJ7,1,1041868789.64,4655407941.0,2.1597339932110504
C6ZQJ7,2,767060495.0,3945749271.1,2.3628870173561762
C6ZQJ7,3,710844826.5,5139827361.4,2.854113335442326
C6ZS03,1,985111320.0,395762438.0,-1.3156520698510705
C6ZS03,2,918587169.0,418794792.0,-1.133173130381741
C6ZS03,3,1045764834.0,434248842.5,-1.267964553998429
D4N5G3,1,11343471388.4,14119401818.3,0.3158167598496351
D4N5G3,2,10905497063.5,12562813471.5,0.2041040670279843
D4N5G3,3,12278070063.2,8508300591.0,-0.5291408990304453
D4Q9Z4,1,506728363.2,843873794.0,0.7358146686751142
D4Q9Z4,2,565138705.4,921470881.5,0.7053335770506826
D4Q9Z4,3,614622079.0,887065880.0,0.5293416599565428
D4Q9Z5,1,1116009270.2,2453079467.4,1.136244959641654
D4Q9Z5,2,1008399876.1,1962230401.9,0.9604266043585694
D4Q9Z5,3,1141826102.95,1741791549.8,0.6092290298157631
E6YBW4,1,88356315.0,323874285.5,1.874028771842249
E6YBW4,2,74759622.7,349112531.0,2.2233609485688834
E6YBW4,3,113260976.0,410100718.0,1.8563274024433984
G3E7M9,1,341740948.42,910498595.5,1.41375366560936
G3E7M9,2,384166747.0,959314626.6,1.3202714073142032
G3E7M9,3,331715335.0,906029172.8,1.4496117950771996
G9I8U0,1,7527164016.5,5554532292.5,-0.4384409703770001
G9I8U0,2,9740912165.5,5708963905.5,-0.7708279354899383
G9I8U0,3,7627085058.45,7656357766.0,0.005526456589992444
I1J414,1,223100250.0,297013474.0,0.412836250064895
I1J414,2,227586871.0,183770629.5,-0.30851112270610986
I1J414,3,206528928.14,240529458.0,0.2198697222912923
I1J4I1,1,488565628.5,415851546.3,-0.23248377436030465
I1J4I1,2,431246862.0,324708243.0,-0.4093699497860442
I1J4I1,3,292381493.8,580661173.2,0.9898445700238474
I1J4J6,1,1537852768.4,4012783871.4,1.3836860660717538
I1J4J6,2,1717196019.0,3576775518.94,1.058604843291616
I1J4J6,3,1529239269.0,2899780696.3,0.9231296442696115
I1J4L6,1,19260579521.0,20723519027.5,0.10561789326258993
I1J4L6,2,20629561669.7,18890336451.5,-0.12706477015980946
I1J4L6,3,19102352663.7,20418915556.0,0.09615591416170621
I1J4S3,1,1500635726.5,1773833912.0,0.2412971223947035
I1J4S3,2,1535760461.0,1828114516.0,0.2514032355278684
I1J4S3,3,1443643938.5,1787636945.0,0.3083388076217078
I1J4S9,1,32103196.6,19185434.0,-0.7427055564643205
I1J4S9,2,27717852.5,33248480.38,0.2624729179056241
I1J4S9,3,57023699.7,30956719.0,-0.8813090713053959
I1J4X9,1,1277036665.5,1151356329.0,-0.14946555050406402
I1J4X9,2,1374988987.99,1285718906.8,-0.09684479975157162
I1J4X9,3,1487600985.8,1209988950.2,-0.2979937364514719
I1J547,1,8445347201.6,10458898101.3,0.3085022234126657
I1J547,2,8875937108.6,10687693075.1,0.2679791324656195
I1J547,3,9550024482.5,10953486626.3,0.19781383331571997
I1J637,1,897068748.0,856505958.0,-0.06675527016914815
I1J637,2,990139853.0,761083555.0,-0.3795774664198499
I1J637,3,2686800299.3,783184587.5,-1.7784648155852842
I1J675,1,1523884291.3,1991856250.3,0.3863601707214841
I1J675,2,1449702929.0,1552118454.1,0.09848136931140847
I1J675,3,1541985819.9,1410182412.8,-0.12890770515684127
I1J6K4,1,3928724879.6,1234099713.0,-1.6706021760947196
I1J6K4,2,3661799454.16,1623191445.81,-1.173719613942113
I1J6K4,3,4200605861.8,1846152752.47,-1.1860754977855106
I1J6Z7,1,743342286.0,944726902.0,0.3458706609487466
I1J6Z7,2,753621473.2,916818674.0,0.2827963568296882
I1J6Z7,3,788759401.3,1027329321.5,0.38124152632787933
I1J836,1,1369002850.4,642865174.0,-1.0905373477324314
I1J836,2,1191288930.8,864219018.5,-0.4630544763818919
I1J836,3,1519857379.9,748963172.0,-1.0209692652927125
I1J8A4,1,131687074.8,540177136.0,2.036318825613292
I1J8A4,2,168354337.5,60499675.0,-1.476501593936574
I1J8A4,3,153087802.0,57874177.6,-1.4033676410793952
I1J8E1,1,211601374.2,1087019954.0,2.3609575217264234
I1J8E1,2,204484437.0,889869932.0,2.121603433689966
I1J8E1,3,159606610.0,805687108.2,2.335699270109403
I1J8H1,1,1139904741.8,1312369372.2,0.20326056204024165
I1J8H1,2,1227948023.25,1335915557.2,0.12157932298689046
I1J8H1,3,1332923213.44,1204897331.5,-0.14568345195705398
I1J8M4,1,1039604724.0,300201485.13,-1.7920320753329895
I1J8M4,2,883968681.6,304498383.5,-1.5375606875609558
I1J8M4,3,1038972425.12,329052598.5,-1.6587672449945967
I1J8M6,1,576715213.3,143788086.0,-2.003914938237469
I1J8M6,2,294032994.1,331721478.0,0.17399437327106404
I1J8M6,3,638976182.0,131134860.0,-2.2847109025596533
I1J8T9,1,290309234.0,1240410174.94,2.095154899095804
I1J8T9,2,328705200.7,1460704757.34,2.1517984174240357
I1J8T9,3,315132478.0,1655200256.0,2.3929754201166653
I1J9Y5,1,288661665.0,189203446.7,-0.6094411563945665
I1J9Y5,2,254272803.0,142495019.0,-0.8354656698495119
I1J9Y5,3,274856193.2,207368011.5,-0.4064836254828552
I1JA95,1,940210184.0,435817550.5,-1.109259011967446
I1JA95,2,984463335.5,381905659.0,-1.3661211789634407
I1JA95,3,726957902.7,442576036.0,-0.7159464855634129
I1JAI9,1,1014680344.0,894836270.9,-0.18132966472618847
I1JAI9,2,1085664904.0,778018101.5,-0.4807032499799237
I1JAI9,3,876009538.0,1177343795.2,0.42651717899606684
I1JAQ7,1,668700102.5,1322586839.3,0.9839312073233064
I1JAQ7,2,881973850.8,1236943802.8,0.48797216906311786
I1JAQ7,3,985622477.5,1596137177.45,0.6954775842639057
I1JBF6,1,1203804194.7,956760260.0,-0.3313713768814861
I1JBF6,2,1069839252.8,952177634.2,-0.168091395995073
I1JBF6,3,1213293993.0,391124781.0,-1.63322832115579
I1JBV5,1,332693675.4,422352254.0,0.3442523099460272
I1JBV5,2,292373066.5,501148599.0,0.7774280343483461
I1JBV5,3,332567803.0,459871797.0,0.4675832196250854
I1JCY0,1,18545402692.5,13228230730.0,-0.48744147997948756
I1JCY0,2,18914964060.3,12086734073.0,-0.6461035650440156
I1JCY0,3,16107743632.5,12426647051.0,-0.37431733398959777
I1JD52,1,849836483.0,461891117.8,-0.8796324757410459
I1JD52,2,655550875.1,505502434.5,-0.37498970733963893
I1JD52,3,854694221.1,482688349.0,-0.8243163640049206
I1JDH6,1,3096903798.2,1399947758.0,-1.1454535770555305
I1JDH6,2,2937728125.4,1729849089.1,-0.7640547030243319
I1JDH6,3,2863803806.6,1642095274.0,-0.8023948254843275
I1JDN1,1,290277667.5,176918004.0,-0.7143527116871827
I1JDN1,2,263093675.0,195386108.0,-0.4292486702984363
I1JDN1,3,104005135.8,198138614.0,0.9298552947028553
I1JDS1,1,1311793064.5,1185518496.0,-0.1460219812394966
I1JDS1,2,1447632512.2,1223290492.0,-0.24292837645043708
I1JDS1,3,1457025240.3,1386688990.55,-0.07138161633455024
I1JFA6,1,3355065972.5,3405661421.8,0.02159387955968189
I1JFA6,2,4130378687.3,3474467851.0,-0.24948202715431575
I1JFA6,3,3503576210.8,3297706459.8,-0.08736529325097031
I1JFJ9,1,176598417.9,2675593019.5,3.92131436303545
I1JFJ9,2,170718490.5,2729192444.0,3.9987828971194257
I1JFJ9,3,109876956.0,2900269544.0,4.722226233861868
I1JFW6,1,1792563692.0,915612489.5,-0.969215333212405
I1JFW6,2,1639706144.1,1007685511.1,-0.7023918310514463
I1JFW6,3,1602397650.5,1053148800.4,-0.6055229204014444
I1JGB5,1,234455292.0,85582869.5,-1.4539188862988255
I1JGB5,2,273572009.0,133001368.0,-1.0404795411018581
I1JGB5,3,194601036.0,133463037.5,-0.5440791468404577
I1JGN1,1,9996535184.5,9588729418.4,-0.06008848151809527
I1JGN1,2,9317344864.6,9710067833.2,0.05956248111635502
I1JGN1,3,10624429608.9,10405995570.2,-0.029970391444318047
I1JGP8,1,2490509351.6,2209332378.15,-0.1728303500852268
I1JGP8,2,2513274338.7,2106330075.2,-0.25483662499039234
I1JGP8,3,2464225834.4,2020907858.6,-0.2861309332378454
I1JGV6,1,141292128.3,171924687.5,0.2830956311234281
I1JGV6,2,231380800.2,153812960.6,-0.5890920827856607
I1JGV6,3,101662537.0,136443977.7,0.4245205800587219
I1JH86,1,4056881162.0,3703823263.0,-0.1313557838628807
I1JH86,2,4603096303.4,3919477769.0,-0.23194318359598196
I1JH86,3,4085671196.3,3570823723.7,-0.19431618857574298
I1JHJ8,1,1207225563.8,1474210763.2,0.28824753535364955
I1JHJ8,2,1314547431.5,1372584729.2,0.062329010848489685
I1JHJ8,3,1410690168.8,1288139052.5,-0.13111282384171552
I1JHN5,1,257590750.0,367792006.0,0.5138093352807706
I1JHN5,2,284118516.0,427776060.0,0.5903628909689036
I1JHN5,3,296628616.0,325214281.0,0.13273282882208182
I1JHP9,1,393131161.5,267849422.0,-0.5535885405368441
I1JHP9,2,398049056.7,241439221.3,-0.7212861856304655
I1JHP9,3,375512299.0,266125836.0,-0.4967515837859877
I1JIA7,1,256655166.9,308247745.75,0.2642590393601483
I1JIA7,2,258036931.41,318691245.56,0.3045818234150578
I1JIA7,3,295083176.12,330586654.8,0.1639068174907837
I1JJ05,1,20291517333.4,20069382510.0,-0.015880520267349915
I1JJ05,2,16569600558.6,18593537200.4,0.16626242792415008
I1JJ05,3,18194375181.0,19171046270.82,0.07543656709491948
I1JJB5,1,693664484.6,886301028.8,0.3535587669924372
I1JJB5,2,707000161.2,868751372.3,0.2972328076628904
I1JJB5,3,651012608.5,724655966.55,0.15461074707181657
I1JJF1,1,398978533.0,348334944.0,-0.19583591710530715
I1JJF1,2,372167518.0,306005634.0,-0.28239393026076653
I1JJF1,3,368928982.0,249558589.7,-0.5639645658178859
I1JJF7,1,3405331332.8,2916799453.5,-0.22340898059607522
I1JJF7,2,3691059282.5,2833483351.0,-0.38145818357438316
I1JJF7,3,3943629634.0,2921285696.0,-0.4329206095580064
I1JJM3,1,2687754895.0,2643800269.8,-0.023788389907202265
I1JJM3,2,2768229478.8,2677237143.0,-0.048218608508665134
I1JJM3,3,2748251559.5,2749150412.5,0.000471775862034144
I1JJU1,1,1207795024.5,596899108.75,-1.016816630171127
I1JJU1,2,1074779543.4,608916330.56,-0.8197248571892046
I1JJU1,3,1087306826.0,603437389.0,-0.8494831166561637
I1JJU8,1,39180677843.0,38856998251.9,-0.011967901715920208
I1JJU8,2,36566198910.0,41117507118.4,0.16924213414181116
I1JJU8,3,38767399081.0,39074196421.5,0.011372256457564822
I1JK18,1,140802072.0,88466339.5,-0.6704680297733877
I1JK18,2,172519867.0,60268732.0,-1.517280891758616
I1JK18,3,74597790.5,76130093.0,0.029333940429451442
I1JK48,1,372183620.8,209415992.8,-0.8296429430817576
I1JK48,2,438478100.2,368504190.8,-0.2508237626198697
I1JK48,3,453119393.1,291739591.5,-0.6352100529222529
I1JMI9,1,795936812.9,966376338.0,0.2799312263290912
I1JMI9,2,768100410.21,790607492.05,0.0416667065458095
I1JMI9,3,745816675.0,1146706912.3600001,0.6206037405913511
I1JMQ2,1,1325194462.0,1219397690.0,-0.12003536140810143
I1JMQ2,2,1085455650.6,495404098.0,-1.1316230739485433
I1JMQ2,3,1461668747.2,472455746.5,-1.6293652875803617
I1JMX7,1,732031428.5,1290549974.5,0.8180085140283586
I1JMX7,2,751077282.0,1547949355.2,1.0433250046867246
I1JMX7,3,778816109.9,1517694745.8,0.962527018642826
I1JN14,1,228206693.5,120591591.0,-0.9202117978971887
I1JN14,2,160552895.0,95062674.0,-0.7560977905483136
I1JN14,3,186116444.0,143066398.0,-0.3795206617647815
I1JN67,1,74218196.0,152612676.0,1.040029957908001
I1JN67,2,57175590.0,201377168.2,1.816428869187713
I1JN67,3,88530704.0,210238634.06,1.2477780084562886
I1JNR3,1,392933389.0,318847954.8,-0.3014161368395446
I1JNR3,2,383891578.5,285853409.38,-0.42542341443589227
I1JNR3,3,370023450.0,341530066.89,-0.11560411052469502
I1JP95,1,1165858026.5,1107180709.3400002,-0.07450140173269663
I1JP95,2,1334292464.0,1045090644.0,-0.3524468487670863
I1JP95,3,1173984950.0,973843286.9,-0.2696523795182276
I1JPW5,1,6389323492.7,9434700720.2,0.5623135691544336
I1JPW5,2,5428062748.8,8452420812.5,0.6389271966108158
I1JPW5,3,5906370198.68,8894425723.8,0.5906296753085654
I1JPX8,1,458895264.5,375675990.5,-0.28867600305096264
I1JPX8,2,529721000.5,341104074.5,-0.6350207165301449
I1JPX8,3,449182021.3,301275406.5,-0.576217275734098
I1JQ35,1,517840047.2,277455239.4,-0.9002514937219119
I1JQ35,2,427260935.3,384057262.8,-0.15379598435878508
I1JQ35,3,562253926.4,352714763.0,-0.6727198693073618
I1JR38,1,18071346372.0,15160580039.5,-0.25337904384467674
I1JR38,2,18979167689.0,16449515423.1,-0.20637164085036314
I1JR38,3,18025758237.9,15931759872.0,-0.1781543061891262
I1JR41,1,434346895.6,362949690.0,-0.25907814222871806
I1JR41,2,136517646.0,305252760.0,1.160916896572958
I1JR41,3,388698314.0,333536460.16,-0.220806373319759
I1JR44,1,297183540.0,105093259.03,-1.4996840781982204
I1JR44,2,210736156.5,122969449.02,-0.7771379303415806
I1JR44,3,316139748.3,135775773.8,-1.2193363515677127
I1JRI7,1,10881789.0,206056728.0,4.2430539053582255
I1JRI7,2,164876792.0,139533585.4,-0.24077592271761714
I1JRI7,3,10965036.0,49345495.0,2.1700078311389284
I1JRK8,1,536467170.5,616013845.0,0.19947288915644742
I1JRK8,2,621820760.0,406565664.0,-0.6130104037462502
I1JRK8,3,480881694.0,401283690.0,-0.2610594877562743
I1JSC6,1,1008046047.0,334367298.34,-1.5920558803412583
I1JSC6,2,1163791696.5,366184311.8,-1.6681909686880885
I1JSC6,3,1335105327.0,291678166.4,-2.1945042588980708
I1JSJ3,1,31299280678.8,37711337304.88,0.2688688102118032
I1JSJ3,2,33124484825.7,35782494490.6,0.11135594794023783
I1JSJ3,3,32505818082.7,36770659372.0,0.17785708389641916
I1JSP6,1,734202236.0,1224839639.3,0.7383434651681058
I1JSP6,2,715922991.0,1287593602.7,0.8468009980800449
I1JSP6,3,1038802064.0,1254645888.3,0.2723594492396713
I1JSR3,1,737338420.0,738597547.5,0.002461539634213416
I1JSR3,2,636529402.3,599398289.8,-0.08671218846431718
I1JSR3,3,722882862.0,718978259.0,-0.007813741660491154
I1JT00,1,854889222.8,527936541.0,-0.6953729613290482
I1JT00,2,790836035.5,612187746.5,-0.3694044426032976
I1JT00,3,853868636.2,537448230.9,-0.6678883394495363
I1JT75,1,103032790.5,93427409.7,-0.14118577808338476
I1JT75,2,105146353.0,111572082.0,0.08557726448698943
I1JT75,3,47982375.0,114178824.0,1.250718634212177
I1JTG3,1,356518578.0,386430803.0,0.11623284149602608
I1JTG3,2,359415933.2,291890685.4,-0.3002261927514988
I1JTG3,3,444354095.5,413941092.5,-0.10228431119683923
I1JU07,1,264186531.0,244889089.0,-0.10942841940521557
I1JU07,2,252995446.0,225307135.0,-0.16721841478054503
I1JU07,3,200706222.0,247576369.0,0.30278827513009926
I1JU53,1,68298922.0,81015620.44,0.2463372897763568
I1JU53,2,38696172.0,69109570.0,0.8366946472115637
I1JU53,3,62677000.0,75036225.0,0.2596511214235386
I1JUS6,1,5590311174.9,3980196696.0,-0.4900888618102806
I1JUS6,2,850620341.5,668586223.7,-0.3474017272313191
I1JUS6,3,687511193.7,630069499.4,-0.12587223001333847
I1JVA6,1,961659920.28,430402733.0,-1.1598395532083097
I1JVA6,2,941870886.45,498349715.0,-0.9183708024686333
I1JVA6,3,1088320597.25,459772339.0,-1.2431120301887744
I1JVU2,1,1266259196.0,690929362.0,-0.8739626188100517
I1JVU2,2,1266512104.0,717455738.0,-0.8198991294339967
I1JVU2,3,1251435504.0,683854314.0,-0.8718230237754215
I1JW13,1,669811357.5,650453108.0,-0.042309784020530025
I1JW13,2,575082527.0,605434604.8,0.07420213326287685
I1JW13,3,609949652.8,618541331.9,0.02017983864783822
I1JWG8,1,166109087.8,124834950.8,-0.412109094205404
I1JWG8,2,149047216.8,82006172.0,-0.8619650357866541
I1JWG8,3,172511023.0,121367542.0,-0.5073059040699467
I1JWK3,1,1590884447.4,1478488141.0,-0.10570637888938547
I1JWK3,2,1532332249.7,1632483346.2,0.09133912898448322
I1JWK3,3,1604958530.5,1556558214.3,-0.04417648724711664
I1JXF1,1,3650249450.5,3351677164.0,-0.12311186387169801
I1JXF1,2,3486123895.0,2952107699.5,-0.2398784878893137
I1JXF1,3,3403795710.8,2992102803.0,-0.18598470751775315
I1JXI9,1,860201981.8199999,887493910.0,0.04506176462539193
I1JXI9,2,759717524.9,749815559.5,-0.018927337765519046
I1JXI9,3,813072806.8,790057215.5,-0.04142740832101717
I1JXP9,1,10829272382.0,6635944754.9,-0.7065625307976571
I1JXP9,2,13459445325.1,6712161244.69,-1.0037696776802056
I1JXP9,3,11628620599.0,6138666356.0,-0.9216828078852373
I1JXS8,1,1071672005.0,433804323.8,-1.3047470855886256
I1JXS8,2,1071919567.8,475181293.0,-1.1736467101118444
I1JXS8,3,1279922408.0,587254973.84,-1.1239974206906078
I1JYF9,1,341565773.7,500000.1263133597,-9.416019243515933
I1JYF9,2,372357623.5,38579962.8,-3.2707652376008376
I1JYF9,3,12503491.0,15286053.0,0.28988498310044025
I1JYG3,1,420522277.0,179919028.0,-1.2248344565094484
I1JYG3,2,270286160.0,55031784.5,-2.296150624179826
I1JYG3,3,237384898.3,46868730.0,-2.3405305502477365
I1JYG6,1,600737396.0,443680146.0,-0.4372144784274345
I1JYG6,2,605162623.8,331851712.0,-0.8667841692131903
I1JYG6,3,696202959.5,282885438.0,-1.2992900333386785
I1JYI1,1,374852614.0,51697813.1,-2.85814830404021
I1JYI1,2,422096626.5,32549519.0,-3.6968651697102444
I1JYI1,3,373440654.0,20274042.5,-4.203173306987264
I1JYL5,1,212284180.0,65604015.8,-1.6941408277122063
I1JYL5,2,168239227.0,127544050.5,-0.39951852287226836
I1JYL5,3,159852565.0,110210243.0,-0.5364835788374689
I1JZ45,1,1077949413.0,1959722980.0,0.8623602585619814
I1JZ45,2,1265233791.8,1850551790.5,0.5485515193045414
I1JZ45,3,1108114340.2,1733150439.3,0.6452901345932124
I1JZ64,1,14088609256.5,21294805135.0,0.5959723236770758
I1JZ64,2,11850673720.7,21117667454.0,0.833481411149467
I1JZ64,3,10882067220.3,22587423060.0,1.0535670415167373
I1JZN0,1,3162829721.0,3522942892.0,0.15556520170597407
I1JZN0,2,2550282639.3,3159832551.4,0.30919096286166353
I1JZN0,3,2657423442.1,2964038371.0,0.1575359945418418
I1JZW5,1,1127163967.6,1192572772.8,0.08137990618149593
I1JZW5,2,1177157574.0,1339796777.0,0.18670673438978277
I1JZW5,3,1287152250.9,1377005924.72,0.097352053898347
I1K006,1,1850391890.5,1273396868.5,-0.53914872686107
I1K006,2,1875508341.75,1325770430.5,-0.5004506987365206
I1K006,3,1808327422.0,1227607561.5,-0.5588064834598847
I1K0B2,1,6505386540.5,7760706384.5,0.2545531911146496
I1K0B2,2,6089134654.7,7453238902.5,0.2916302868936976
I1K0B2,3,5986201252.1,9195766533.2,0.6193290565472828
I1K0K6,1,3952444853.8,4530405107.6,0.19689472781400968
I1K0K6,2,3497719916.8,4211490082.0,0.2679159998527984
I1K0K6,3,3772148350.9,4174872274.5,0.14634564525538277
I1K0L7,1,421980839.26,317045376.7,-0.41248815349706036
I1K0L7,2,502458072.97,360847744.5,-0.47761298016098247
I1K0L7,3,414756311.98,334937269.65,-0.3083730183044003
I1K1G3,1,43951087568.44,47858795428.0,0.12288522046147202
I1K1G3,2,44223318654.2,52371005157.0,0.2439610012059354
I1K1G3,3,49573372695.5,50617776161.0,0.03007871048174019
I1K1P2,1,361381288.0,127278615.5,-1.5055317590298678
I1K1P2,2,397622777.0,72169080.5,-2.4619476223337746
I1K1P2,3,212206426.7,117531897.0,-0.8524160059635476
I1K360,1,2752758858.0,2012654755.5,-0.4517785171245249
I1K360,2,2879107731.3,2102909418.5,-0.4532350648718356
I1K360,3,2973257052.3,1867308452.9,-0.6710839364979172
I1K3S4,1,7666586786.74,4540551123.0,-0.7557170040649924
I1K3S4,2,9276043939.8,5809266739.7,-0.6751535794043408
I1K3S4,3,8629213100.3,5453340327.0,-0.6620888131084078
I1K467,1,772425392.1,499698479.0,-0.628337764327166
I1K467,2,678997754.5,381307291.7,-0.8324526835335126
I1K467,3,776123841.0,596782614.0,-0.3790813658476567
I1K480,1,2914650327.0,1215969450.7,-1.2612158286784934
I1K480,2,2366918202.1,1487853522.9,-0.6697773469695294
I1K480,3,1027499098.5,1350244873.1,0.3940839422398412
I1K526,1,543403263.0,473867568.4,-0.19753930262183989
I1K526,2,415689017.0,407006093.8,-0.030454235686107632
I1K526,3,475873343.1,625614843.5,0.39469710120000323
I1K5G1,1,865625277.5,236372152.78,-1.8726825482435916
I1K5G1,2,964206357.0,343110547.5,-1.4906684652276192
I1K5G1,3,752168808.0,293570587.8,-1.3573490449637398
I1K5M9,1,1476628252.5,4723726042.0,1.6776186292342332
I1K5M9,2,1755403967.2,4567787094.0,1.3796923348664683
I1K5M9,3,1632316026.5,4286913902.3,1.3930190435337662
I1K668,1,3720435984.42,3569167135.3,-0.05988423462570948
I1K668,2,3425136368.28,3427322791.5,0.000920645266253046
I1K668,3,3571148591.1800003,3530488730.9,-0.016520252191387034
I1K6J6,1,268896082.0,747911524.0,1.4758188788032431
I1K6J6,2,452832423.0,639729856.0,0.498485555512934
I1K6J6,3,327065281.0,494484350.0,0.5963462406935863
I1K6N2,1,478850333.5,618096855.0,0.36825811777087303
I1K6N2,2,344062956.0,588978104.0,0.7755414303163397
I1K6N2,3,388659947.0,541475181.2,0.478386772960036
I1K6T6,1,804374803.0,1219346464.47,0.6001683157110638
I1K6T6,2,733162493.2,1211659742.0,0.7247797302794909
I1K6T6,3,569506462.0,1167743076.0,1.0359387739483499
I1K7N6,1,269550284.0,629850237.0,1.2244544021483184
I1K7N6,2,341033746.0,446118866.0,0.3875136557941415
I1K7N6,3,322797577.0,531219285.5,0.7186777741252257
I1K9S1,1,145468568.0,24517412.0,-2.5688288529710337
I1K9S1,2,182963015.8,179262262.0,-0.029480244807479638
I1K9S1,3,86226764.0,166601649.2,0.9501950387995719
I1KAD3,1,1551957653.8,6671035537.8,2.103821533655194
I1KAD3,2,1471936300.0,6347944432.46,2.1085742612133873
I1KAD3,3,1618853357.8,6352682637.5,1.9723936413917948
I1KB78,1,482481507.0,276608740.0,-0.8026269044722789
I1KB78,2,448348181.0,439205058.5,-0.029724874036221725
I1KB78,3,838400730.0,451959863.5,-0.8914453138945508
I1KCH8,1,1876788070.5,1956990993.2,0.060371367910764064
I1KCH8,2,2495216321.8,1770694842.26,-0.49484929231317737
I1KCH8,3,2043338645.2,1904219900.5,-0.10172823204417902
I1KDI9,1,61038302.0,63722575.0,0.06208973770845588
I1KDI9,2,215721562.0,35693419.5,-2.595440359135907
I1KDI9,3,128749946.0,65936857.4,-0.9654147933707563
I1KDM8,1,5464371761.9,5540442561.4,0.01994558200119833
I1KDM8,2,5986212326.1,5554238165.057,-0.10805440989646445
I1KDM8,3,5255208891.75,5618750995.5,0.09650135455055271
I1KEY6,1,757744985.7,308953578.5,-1.2943223163902444
I1KEY6,2,730762147.5,422133874.4,-0.7917013023131344
I1KEY6,3,744400003.9,377317423.1,-0.9802993430364615
I1KFE9,1,1141993008.0,353618822.8,-1.6912868424438612
I1KFE9,2,1084955111.44,428450664.0,-1.340434361338792
I1KFE9,3,1088233726.4,454457167.0,-1.2597722153988724
I1KFF8,1,885146258.0,1399327393.5,0.6607457768835966
I1KFF8,2,1236693462.6,1171202700.0,-0.07849716129990345
I1KFF8,3,1478705408.0,1207808068.0,-0.29194344801405125
I1KG34,1,5958531293.0,6123743328.8,0.03945704747737305
I1KG34,2,5930204641.2,6320988125.0,0.09206821397870162
I1KG34,3,5866220285.8,6007173822.24,0.03425516238943768
I1KGN9,1,984330238.0,756140683.0,-0.3804877353285516
I1KGN9,2,738541624.0,870685795.0,0.23747295318724929
I1KGN9,3,716891525.0,962719335.0,0.42536042839549526
I1KGP0,1,2090428642.0,1325653664.0,-0.6570948861615487
I1KGP0,2,1978050541.5,1231009215.0,-0.6842377276248157
I1KGP0,3,1958710053.2,1188108012.2,-0.7212378529501742
I1KGT4,1,284975107.0,503120738.0,0.8200687536917478
I1KGT4,2,297529127.8,364592089.2,0.2932523448745392
I1KGT4,3,266154807.5,289771765.9,0.12265140621039283
I1KH38,1,110980310.0,170632757.0,0.6205908947641804
I1KH38,2,119608556.0,139943684.0,0.22652578200373177
I1KH38,3,34307736.2,153287424.0,2.159633502582328
I1KH67,1,5275421067.3,5005887433.2,-0.07566040005888233
I1KH67,2,5397826317.9,5496266971.7,0.026073525326839497
I1KH67,3,5069905904.4,5568700479.7,0.13538172577789445
I1KH71,1,1017766668.0,1156177788.0,0.18395641254696224
I1KH71,2,1063935536.5,1258992143.5,0.2428585391473279
I1KH71,3,1075802830.5,1058422851.1,-0.02349757534837027
I1KHJ4,1,520769648.0,1531655492.2,1.556374563872211
I1KHJ4,2,462152015.94,1809565001.5,1.9692035504186816
I1KHJ4,3,506900316.9,1397351882.5,1.4629213963831806
I1KHX0,1,2142623858.3,1879196839.5,-0.1892624122909216
I1KHX0,2,2411884574.5,1815227571.0,-0.4100104388758196
I1KHX0,3,2048516282.56,1718950214.2,-0.2530515993001136
I1KHZ3,1,725503563.0,646554730.8,-0.1662102002775808
I1KHZ3,2,575269388.0,671154133.5,0.22240642408348427
I1KHZ3,3,534377585.7,641189514.2,0.2628913366399897
I1KI04,1,2139970683.4,2564067479.0,0.2608431975942576
I1KI04,2,2186338814.5,2320699999.0,0.0860430438076394
I1KI04,3,2100913660.2,2232936077.0,0.08792507745724934
I1KIE4,1,310481919.0,129748555.3,-1.2587907803281737
I1KIE4,2,283390964.0,150050289.0,-0.9173476606554113
I1KIE4,3,322588204.0,135823176.0,-1.2479640119361386
I1KIP9,1,864034039.2,1326816729.3,0.6188090531575047
I1KIP9,2,807858169.4,843196271.69,0.06176645763764143
I1KIP9,3,832569475.4,1110009894.5,0.41492996580009117
I1KIU3,1,276664682.0,216310388.0,-0.35503553618764383
I1KIU3,2,339126808.5,155032101.2,-1.1292578629292414
I1KIU3,3,287257419.8,198605006.0,-0.532442170247141
I1KIY3,1,483245544.0,186149470.6,-1.3762949161872047
I1KIY3,2,527944722.0,196295130.0,-1.4273625007544362
I1KIY3,3,555487812.0,200077002.0,-1.47319991256303
I1KK63,1,13665910.8,119373634.8,3.1268307137376805
I1KK63,2,31561009.0,148765620.0,2.23682592165752
I1KK63,3,3152001.0,151812438.5,5.589878197690765
I1KK66,1,1573543079.0,3022713655.5,0.9418276416430056
I1KK66,2,1634131304.9,3027691262.0,0.8896941883007299
I1KK66,3,1386993863.0,3072548346.0,1.1474743071096756
I1KL36,1,401259116.5,244032857.3,-0.7174587606932484
I1KL36,2,343123422.0,166945924.5,-1.0393467346615912
I1KL36,3,343138950.0,351088217.3,0.03304068269150044
I1KL72,1,1424236825.4,915743959.56,-0.6371728761689348
I1KL72,2,827834410.44,897527410.0,0.11661378067923465
I1KL72,3,980707819.86,1325088844.5,0.43419380608630165
I1KL89,1,2352761798.5,4547498480.0,0.9507178909881887
I1KL89,2,2637270523.0,4057768878.5,0.6216411287714637
I1KL89,3,2836836404.25,4350491454.8,0.6168954295906535
I1KM30,1,5366870267.0,4367869151.0,-0.2971513765165889
I1KM30,2,4280259159.0,3558777040.0,-0.2663166010787185
I1KM30,3,5366951295.5,4123795968.0,-0.3801298412519324
I1KND9,1,1165037002.8,842363386.6,-0.4678611411485117
I1KND9,2,1184245060.5,1037748587.0,-0.19051068686679232
I1KND9,3,860990071.0,1015315193.5,0.23785916027659337
I1KNF5,1,10763904591.5,10630121106.7,-0.018043475188224117
I1KNF5,2,12916668121.5,10442956818.0,-0.30670371784758793
I1KNF5,3,12126272188.0,11401084926.1,-0.08896499321120328
I1KNJ4,1,80876570.0,930014582.0,3.523459618366774
I1KNJ4,2,102607304.0,1032803698.0,3.3313607348610765
I1KNJ4,3,91682024.0,866974384.0,3.241278568655726
I1KNT4,1,450796336.1,318728417.5,-0.5001481358190254
I1KNT4,2,491667833.2,321539512.8,-0.6126879356913619
I1KNT4,3,413327764.0,367555486.4,-0.16932421898395245
I1KQC4,1,40871156.1,82701697.3,1.0168338856987023
I1KQC4,2,73343245.2,24062703.7,-1.6078653483115446
I1KQC4,3,81806513.5,28179052.0,-1.5375926389723107
I1KR46,1,5884504924.0,4356277900.0,-0.4338250525228947
I1KR46,2,4781708592.0,5209367286.0,0.12358194609552704
I1KR46,3,5755607384.0,5278477716.0,-0.12484625844691354
I1KTL9,1,422239201.0,294799316.5,-0.5183273462683354
I1KTL9,2,414451987.0,375617762.7,-0.1419396909366718
I1KTL9,3,347905141.6,552556687.5,0.667428479701488
I1KU21,1,10438887340.56,6077212047.5,-0.7804864094922697
I1KU21,2,10874180704.5,6681039646.96,-0.7027621825064132
I1KU21,3,9894503019.2,7250965554.5,-0.4484541250891701
I1KUE5,1,15175487613.2,10514317285.0,-0.5293876972477812
I1KUE5,2,15216675303.5,15599095668.0,0.03580921528389788
I1KUE5,3,16179340624.0,14358337887.0,-0.17226405981935727
I1KUG6,1,2832172155.0,1797436550.0,-0.6559681189900827
I1KUG6,2,2430287043.0,2031162377.0,-0.25882114421092733
I1KUG6,3,2555098206.0,1302714939.5,-0.9718573152141861
I1KV09,1,230582511.0,274963613.5,0.2539576234722871
I1KV09,2,188554615.5,259065042.8,0.4583318914952812
I1KV09,3,290669858.75,287763827.0,-0.014496226522072699
I1KVM9,1,315900279.0,195537096.0,-0.6920268792338363
I1KVM9,2,307208002.5,183976715.5,-0.7396926103328284
I1KVM9,3,305850332.5,286322209.0,-0.09518626505412058
I1KW78,1,599563322.4,281977252.0,-1.088333350237308
I1KW78,2,586081915.8,228320571.0,-1.3600414741632056
I1KW78,3,668414974.8,258288472.0,-1.3717608009613966
I1KWA0,1,1060657612.0,837783967.5,-0.3403088379183963
I1KWA0,2,1048938025.45,867521604.0,-0.27395785061553984
I1KWA0,3,1021670342.0,794075528.56,-0.36358162205597777
I1KX98,1,5983568.5,30061044.0,2.3288170686082403
I1KX98,2,24679085.0,7717014.0,-1.677174278060504
I1KX98,3,500000.3276040867,92121136.0,7.525459351585037
I1KXE7,1,543686922.6,1910823432.0,1.8133464412156988
I1KXE7,2,629571366.2,1896706804.0,1.5910548502254713
I1KXE7,3,437121926.8,1853162119.0,2.083881444099805
I1KXF0,1,739928565.0,689757073.0,-0.10129764967548645
I1KXF0,2,713782129.0,658298822.8,-0.11674116314332623
I1KXF0,3,717608422.0,700893140.4,-0.034002317353639296
I1KXG0,1,5108669402.5,5472873999.0,0.09935106443347921
I1KXG0,2,4849412104.0,4690075032.0,-0.04819885623804624
I1KXG0,3,4650782188.1,5119400863.0,0.1385016025507688
I1KXW9,1,17154896063.9,16015428055.2,-0.09915802657215586
I1KXW9,2,16077877139.8,18522058471.5,0.20416751191261587
I1KXW9,3,16481891454.65,20560456963.5,0.3189905142273939
I1KYC4,1,3837585728.0,419965195.0,-3.191857305986113
I1KYC4,2,3812184710.0,343429706.0,-3.472531283010053
I1KYC4,3,3861040880.0,303035576.0,-3.671430749995494
I1KYW9,1,38437680.0,61582748.8,0.6800050034195995
I1KYW9,2,52671998.0,157832576.0,1.5832869112527266
I1KYW9,3,43858736.0,174154883.4,1.9894347879241667
I1KYX0,1,381122864.0,529840500.0,0.4753019651021474
I1KYX0,2,289557336.0,504861002.0,0.8020371923876172
I1KYX0,3,259684336.0,597034997.0,1.2010565077127615
I1KZ13,1,1906895313.2,1828009723.16,-0.06095189910035737
I1KZ13,2,1893659419.0,2197805583.0,0.21488689111344803
I1KZ13,3,1819069660.8,2303744001.0,0.34077961737229273
I1KZJ0,1,1327044968.0,2054118057.0,0.6303018420902798
I1KZJ0,2,1334147486.0,2032402821.5,0.6072682111381057
I1KZJ0,3,1218968655.0,2087591341.5,0.7761782949032272
I1KZJ9,1,1259169836.5,1310857497.2,0.05803797276346568
I1KZJ9,2,1410054243.7,1250139414.7,-0.17366167082591538
I1KZJ9,3,1259093919.8,1212504951.6399999,-0.05439526325503992
I1KZW8,1,638974330.0,583853108.0,-0.13015252772306415
I1KZW8,2,472322951.0,705488661.0,0.5788492549520308
I1KZW8,3,587247312.0,559409940.0,-0.0700623157323473
I1KZY3,1,500000.232204609,500000.3552204894,3.549485924832342e-07
I1KZY3,2,11596538.5,500000.00966234016,-4.535622300452535
I1KZY3,3,500000.10419390496,8867148.0,4.148469854857743
I1L068,1,144008139.70000002,154185083.8,0.09851284384896723
I1L068,2,330841520.5,252999797.8,-0.38700407171228757
I1L068,3,307769248.9,139604409.5,-1.140504579650324
I1L2Q5,1,313402990.0,479534611.0,0.6136160034788612
I1L2Q5,2,269848666.94,436273339.06,0.6930817520266137
I1L2Q5,3,293752122.8,414492832.2,0.49674787614441807
I1L341,1,1606399043.7,352644330.5,-2.1875445649044267
I1L341,2,1541499367.9,842344506.3,-0.871851998078064
I1L341,3,1622796784.5,793538741.5,-1.0321097850524077
I1L372,1,1089627042.8,499616414.0,-1.1249416342981426
I1L372,2,1106641113.0,465020855.1,-1.2508201033923714
I1L372,3,996461596.0,431756279.0,-1.206597045217799
I1L386,1,118746496.0,86709535.0,-0.4536223896713376
I1L386,2,12275159.0,178041798.0,3.8584023584094225
I1L386,3,302564717.5,500000.3065257787,-9.241099067980576
I1L3K3,1,145181196.0,1216465533.0,3.0667689325527823
I1L3K3,2,63285152.0,59731677.0,-0.08337082657422713
I1L3K3,3,1030559396.5,1303075512.0,0.33849303185387475
I1L3K7,1,928495200.0,7406957644.5,2.99591473034835
I1L3K7,2,499999.91449382756,6732652867.9,13.716959613516922
I1L3K7,3,2039683.0,4993912988.3,11.257610017993203
I1L5L1,1,2291202975.8,1219136621.2,-0.9102454624339671
I1L5L1,2,2416718560.0,1210792898.2,-0.997097354912553
I1L5L1,3,2272504890.3,1052151935.5,-1.1109403476544553
I1L5Z2,1,211312211.0,224636089.0,0.08821358507681798
I1L5Z2,2,431067473.6,186342136.8,-1.2099597653740146
I1L5Z2,3,284685023.0,214774288.5,-0.4065453035110669
I1L602,1,1558614695.5,1714265253.5,0.13732603527209938
I1L602,2,1502576005.5,1318158255.0,-0.18891438195587965
I1L602,3,1176911625.9,1625885484.24,0.4662196551469092
I1L655,1,4453823376.5,4466397210.8,0.004067213411717653
I1L655,2,4136621054.8,4651863471.0,0.16935595327376793
I1L655,3,4976223364.4,5036533606.5,0.01737989640990749
I1L6A2,1,665265434.5,1010047676.0,0.6024214102745278
I1L6A2,2,1172059861.5,1088206846.5,-0.10709344518052182
I1L6A2,3,1016495370.2,1071579740.5,0.0761355664718224
I1L738,1,1206795772.0,910048534.5,-0.4071661531775391
I1L738,2,1280526024.0,881664040.0,-0.5384356494517849
I1L738,3,1713343993.1,1109300664.0,-0.627164389162129
I1L7B8,1,241203857.5,118804652.0,-1.0216616515614163
I1L7B8,2,294826432.0,363540030.0,0.3022483586454285
I1L7B8,3,141579540.0,246309468.0,0.7988592921517074
I1L838,1,889666086.5,906367188.5,0.026831676099190575
I1L838,2,1017159500.0,891567010.0,-0.1901307851242121
I1L838,3,840387890.1,1035124932.0,0.3006776227695089
I1L8G3,1,1206675309.8,1598897198.8,0.40603965331616515
I1L8G3,2,1272434722.5,1491191869.7,0.2288742531103477
I1L8G3,3,1334088812.7,1543682055.3,0.21052092577557927
I1L8R1,1,2933725744.4,1572632914.0,-0.8995520544975858
I1L8R1,2,3486051266.4,1512984797.0,-1.2041962951887304
I1L8R1,3,3410005171.7,1588911830.5,-1.1017348562296714
I1L903,1,860882821.0,929012349.0,0.10988089526046542
I1L903,2,890227719.0,890777938.0,0.0008914045217508065
I1L903,3,993060872.5,808356806.5,-0.2968899193392362
I1L9P5,1,1235240088.6,1623729467.8,0.3945198029432462
I1L9P5,2,150714766.8,659359712.72,2.129244963263442
I1L9P5,3,1163471074.0,610665117.3,-0.9299820008322524
I1LAZ3,1,1857146353.0,1741260435.0,-0.09295551317376267
I1LAZ3,2,1811473552.5,1484651617.5,-0.28703930900369823
I1LAZ3,3,1777827757.5,1928520833.0,0.1173791735491656
I1LBR6,1,798001704.4,1667593835.0,1.0633042107847424
I1LBR6,2,840660723.5,1681663779.2,1.0002937158124485
I1LBR6,3,958923682.97,1757509102.2,0.8740442546822988
I1LC96,1,507709713.1,283365297.8,-0.8413407707368343
I1LC96,2,456789954.0,346027516.0,-0.40064415734805814
I1LC96,3,430161320.25,203671898.5,-1.078630865539923
I1LCI8,1,891698442.5,373636419.0,-1.2549208133629917
I1LCI8,2,914755290.0,499735031.7,-0.8722224983139274
I1LCI8,3,771864878.5,503680980.0,-0.6158380606037385
I1LCU6,1,1117463836.69,3513650531.1,1.6527425637949729
I1LCU6,2,1078498535.94,3990887614.72,1.8876854344039844
I1LCU6,3,1078228261.5,4030658718.11,1.9023530034817402
I1LDS8,1,100036412.0,89975097.5,-0.15292755288712367
I1LDS8,2,108994585.9,83648578.0,-0.381843553418818
I1LDS8,3,127009442.0,94532169.0,-0.4260584896880068
I1LDX0,1,1428953194.0,1642100130.5,0.20058344006699702
I1LDX0,2,1432203415.8,1707474014.0,0.2536272092662663
I1LDX0,3,1426204103.4,1627687264.2,0.19064307395599603
I1LDY8,1,206304386.0,2207466562.0,3.419545186413399
I1LDY8,2,198310250.0,1937795292.0,3.2885850202806464
I1LDY8,3,139163783.5,1922375882.3,3.7880347411346147
I1LEI5,1,1247058763.0,2862680138.0,1.198837031192581
I1LEI5,2,1264715761.3,2998130065.0,1.2452497890236467
I1LEI5,3,1353552232.7,3212420620.5,1.2469102441990567
I1LEI9,1,537567562.6,367096587.2,-0.5502863848406315
I1LEI9,2,512228437.7,317844204.8,-0.6884675658886009
I1LEI9,3,724884707.8,338740289.3,-1.097571964961873
I1LFD6,1,1975379253.0,1554918476.0,-0.345290720670874
I1LFD6,2,1840630214.0,1577062010.0,-0.2229604277666675
I1LFD6,3,2072414679.9,1658793126.0,-0.3211787341584478
I1LFL7,1,2141937995.3,2386565291.8,0.1560190886315181
I1LFL7,2,2089938310.1,2090856557.2,0.0006337314318594971
I1LFL7,3,2415374756.0,2366049782.5,-0.029766618102473563
I1LGM5,1,195389927.0,194834878.0,-0.004104131616033805
I1LGM5,2,205607475.8,223889590.8,0.12289473390452736
I1LGM5,3,271970279.0,209441057.5,-0.3769047151064924
I1LIL1,1,742442177.5,980140729.0,0.40071023577918774
I1LIL1,2,542776182.6,1132161638.7,1.0606506256367845
I1LIL1,3,732973210.0,1085305150.3,0.5662683614238294
I1LIL5,1,123306066.0,1801088439.5,3.8685533446709606
I1LIL5,2,73642193.5,1473015017.8,4.322095729585426
I1LIL5,3,89360480.0,1527907482.2,4.095776442492486
I1LIV5,1,730206277.5,252224585.0,-1.5335951656743807
I1LIV5,2,986815394.5,433254530.2,-1.1875653875337002
I1LIV5,3,683843684.0,582202000.0,-0.23214678974834987
I1LJ68,1,27658828772.0,29358285423.8,0.08602764859600016
I1LJ68,2,29815135025.0,31425633192.2,0.07589694330077655
I1LJ68,3,27503285365.3,32161384749.0,0.22572556092223534
I1LJI1,1,118954284.0,67206550.0,-0.8237334785872117
I1LJI1,2,93525730.0,99610021.2,0.09092756942731942
I1LJI1,3,101771578.0,126080624.0,0.30901186747597514
I1LJJ4,1,1374759652.5,754508542.0,-0.8655702770174697
I1LJJ4,2,1224024139.3,551897168.6,-1.1491606208793783
I1LJJ4,3,1233728969.3,739942329.2,-0.7375407548821197
I1LJL8,1,225983028.0,169183538.0,-0.4176252287122183
I1LJL8,2,215521508.5,171895353.0,-0.32630131012098773
I1LJL8,3,252748682.0,165268718.0,-0.612889891272255
I1LJY2,1,1778270430.3,2167700720.0,0.28569084858791627
I1LJY2,2,1775688573.6,1982676865.9,0.15907098913110293
I1LJY2,3,1828179916.2,1979608533.8,0.11480710961736376
I1LKQ4,1,31474286.0,27522320.0,-0.19357156305081416
I1LKQ4,2,25145160.0,30508698.0,0.2789398788741018
I1LKQ4,3,24725716.6,28707022.0,0.2153913427278702
I1LKU1,1,470056652.5,439719396.5,-0.09625147198145842
I1LKU1,2,534544950.75,402602799.6,-0.40895406717021415
I1LKU1,3,334570158.2,419602821.8,0.3267156092429252
I1LKZ0,1,926411962.5,443250954.5,-1.0635301447293606
I1LKZ0,2,1270962354.5,169183297.5,-2.9092622472433267
I1LKZ0,3,1172626682.5,504734135.5,-1.2161482245246302
I1LL24,1,12912306953.3,13034706607.7,0.013611330171337145
I1LL24,2,12067894233.42,12666796594.2,0.06987775866409876
I1LL24,3,12162008887.1,11872480678.1,-0.03476014057391857
I1LM02,1,556554376.0,618433592.0,0.15209603811216896
I1LM02,2,505408605.5,659140744.0,0.38313632271754094
I1LM02,3,506486464.0,674602210.0,0.41351333154796854
I1LM73,1,596330594.0,411692640.0,-0.5345446971044854
I1LM73,2,443288368.8,449628040.0,0.02048649974567655
I1LM73,3,517871877.5,486286640.0,-0.09078826029758795
I1LMN5,1,33413023948.5,29086915163.0,-0.20004025717017385
I1LMN5,2,29804088043.7,25832897163.8,-0.20630077885469525
I1LMN5,3,33636687990.44,30455374653.7,-0.1433388066026759
I1LMP2,1,361919361.0,207133929.5,-0.8051043941732918
I1LMP2,2,377572279.42,209795542.5,-0.847768823408501
I1LMP2,3,327497112.5,278943585.0,-0.23150881323454084
I1LMQ5,1,12091722395.0,14337686902.0,0.24579253024557615
I1LMQ5,2,11874129566.5,14183917345.0,0.25643427374208994
I1LMQ5,3,13669228828.2,13476945996.5,-0.020438248042454026
I1LMW7,1,223157809.4,136959641.5,-0.7043134640207529
I1LMW7,2,216498499.0,91847203.0,-1.2370493295905551
I1LMW7,3,207176650.0,163511114.0,-0.34147271180032174
I1LNP4,1,919704563.8,969456704.3,0.07600596992197452
I1LNP4,2,899338095.5,936406902.5,0.05827198715341115
I1LNP4,3,804642294.3,947737986.5,0.23614069181658412
I1LPI1,1,1123453462.0,599582386.0,-0.9059104566697904
I1LPI1,2,1201798040.0,555809635.5,-1.112531723721888
I1LPI1,3,1384566608.0,606302096.8,-1.19132574289341
I1LRH8,1,1540645.5,499999.80217829166,-1.6235355090714958
I1LRH8,2,5028000.4,2027246.4,-1.310463313884381
I1LRH8,3,2644697.2,726814.9,-1.863442652117518
I1LTI8,1,780668412.8,3564606088.5,2.1909608565376466
I1LTI8,2,664224823.0,3603054307.1,2.439476852506097
I1LTI8,3,709903673.5,3561329700.5,2.3267208192020545
I1LTT3,1,46751879.0,499999.5178815425,-6.54695383536258
I1LTT3,2,25103751.0,500000.211771075,-5.649830431478817
I1LTT3,3,51104065.8,17651694.8,-1.5336313671667154
I1LU31,1,236158454.5,1422020506.0,2.590115179065806
I1LU31,2,928699957.55,1520896381.0,0.7116373911987597
I1LU31,3,202528503.1,1652813475.8,3.0287270551414878
I1LUB3,1,2596696294.5,7467759730.0,1.5239982220483297
I1LUB3,2,5685569732.5,7614647175.5,0.4214722668684302
I1LUB3,3,5493775196.76,7901896664.2,0.5244011027469395
I1LUF0,1,953853155.0,891556440.0,-0.09744105088973941
I1LUF0,2,1251290212.3,1172323372.0,-0.0940458576306848
I1LUF0,3,1164237916.0,1137342716.2,-0.03371886008893289
I1LWB8,1,1163606780.38,902023740.0,-0.36736629940957116
I1LWB8,2,780903522.5,1359936276.7,0.8003228265853484
I1LWB8,3,1162779492.0,1371714763.0,0.23840298399551685
I1LWC8,1,41667031.0,54305569.2,0.38219385442288173
I1LWC8,2,47170177.0,56761550.0,0.26703897151928524
I1LWC8,3,51220958.2,37912607.5,-0.4340565583810941
I1LWI5,1,262618092.0,388237408.2,0.5639728258535537
I1LWI5,2,293548674.8,400545920.0,0.448367903995082
I1LWI5,3,272830227.0,401195436.8,0.5563017066825238
I1LWR4,1,1971277677.5,2124222536.3,0.10780390150396507
I1LWR4,2,1145205865.0,3123979284.3,1.4477779227117722
I1LWR4,3,1945762920.5,2945315233.8,0.5980861152381145
I1LWX5,1,255462908.1,306929478.5,0.2647933790867401
I1LWX5,2,428474497.0,169412516.0,-1.3386688737756964
I1LWX5,3,286537771.2,259680161.6,-0.14198952373196289
I1LY51,1,569939223.5,125749977.0,-2.1802499469261853
I1LY51,2,550242175.0,320935659.5,-0.7777826257855119
I1LY51,3,188984460.0,309672944.0,0.7124777328586287
I1LY94,1,5629899837.5,4757217353.690001,-0.24299131284267553
I1LY94,2,5693012783.16,5067173838.0,-0.16801101536584603
I1LY94,3,5261367748.36,4941094091.9,-0.0906073632615701
I1LYP7,1,810841861.5,560829160.0,-0.531859209617617
I1LYP7,2,763021608.5,648015703.8,-0.23569513891578533
I1LYP7,3,740762205.0,565344292.0,-0.3898807619960943
I1M017,1,2742343777.2,2182411442.5,-0.32948632349580204
I1M017,2,2624909100.7,2619960792.8,-0.0027222415545926425
I1M017,3,2877685983.5,2515045134.0,-0.1943248817821189
I1M0B5,1,187394479.0,32036800.0,-2.5482764927952273
I1M0B5,2,100293553.06,182870258.0,0.8665915829114812
I1M0B5,3,123826756.1,152920185.94,0.3044557782104872
I1M0R6,1,141390254.0,171844071.5,0.28141740168762275
I1M0R6,2,121531452.0,197538496.0,0.7008041032961251
I1M0R6,3,134258180.0,199313086.0,0.5700264436218878
I1M100,1,16146926617.0,16900276547.4,0.06578726368597655
I1M100,2,15844943093.9,17491255525.4,0.14261137149789607
I1M100,3,15681772312.1,19357489453.5,0.3038032379178618
I1M137,1,729884674.0,368929258.6,-0.9843243187378685
I1M137,2,563571337.2,534335637.5,-0.07685199829149977
I1M137,3,642435264.2,617724773.5,-0.05658689633036435
I1M170,1,9857216298.7,11493444954.8,0.22155909614140704
I1M170,2,10664181686.276001,12865963794.2,0.2707862689222103
I1M170,3,9771648030.4,12439122347.5,0.3482108939846321
I1M1C4,1,301455482.0,432788305.5,0.5217165510277204
I1M1C4,2,304254948.0,396616408.9,0.3824636410797986
I1M1C4,3,288931555.1,308387294.0,0.0940155517162755
I1M1P1,1,720463502.4,607576511.2,-0.24585925090102234
I1M1P1,2,841597613.2,626934790.2,-0.42481522230459184
I1M1P1,3,845430368.0,611703343.4,-0.4668537736799967
I1M2J1,1,1559531794.0,2276406418.0,0.5456451869856965
I1M2J1,2,1475354079.6,2291297010.0,0.6351032429232144
I1M2J1,3,1374133205.3,2149662562.5,0.6455883519517448
I1M4G0,1,867131542.3,1569309064.0,0.8558067391657829
I1M4G0,2,886726452.0,1402894684.0,0.6618456907682175
I1M4G0,3,691846394.0,1462354014.0,1.079768941774481
I1M4Y9,1,923644925.1,825861856.5,-0.16143786650695005
I1M4Y9,2,1058783132.5,823153125.5,-0.3631743811838843
I1M4Y9,3,1030063286.5,891351390.5,-0.20866678709310216
I1M5E1,1,564391992.0,263657485.0,-1.0980325639642972
I1M5E1,2,409408520.0,200053127.06,-1.0331579460537497
I1M5E1,3,420473875.0,281077458.0,-0.5810484090039505
I1M5N7,1,725820974.0,668183768.0,-0.11936881076697937
I1M5N7,2,733616886.0,655138384.0,-0.16322716912267624
I1M5N7,3,579297810.0,654420003.0,0.1759116353667275
I1M877,1,770005836.0,1252751960.0,0.7021595095627816
I1M877,2,877381926.0,987241318.0,0.17019778813248748
I1M877,3,769554109.0,1108711207.2,0.5267889526026526
I1M984,1,1342724566.5,787283490.9,-0.770208263870701
I1M984,2,1053036911.1,1063695292.0,0.014528926430505625
I1M984,3,787223828.3,971836573.0,0.3039398362846758
I1MB71,1,1365080784.8,1171804886.5,-0.22025396044449902
I1MB71,2,1283446982.8,1040014811.8,-0.30341962640514586
I1MB71,3,1091717233.5,1129932726.0,0.04963764881975005
I1MBR7,1,2045613631.3,6945780718.5,1.7636031855192873
I1MBR7,2,1962960116.4,7613155646.7,1.9554637133007133
I1MBR7,3,2072498312.7,6779856999.5,1.7098839172422124
I1MC31,1,4590996431.1,5260511902.4,0.19639588500420527
I1MC31,2,4312274219.71,5113137671.6,0.2457599484970642
I1MC31,3,4722850527.2,5394436400.5,0.1918143612398641
I1ME54,1,165353000.0,555015968.0,1.7469800583044588
I1ME54,2,149134280.0,471736064.0,1.661367984872374
I1ME54,3,101741672.0,430133108.0,2.079872473552321
I1MFH3,1,3030846243.3,3111933933.0,0.03809076676655086
I1MFH3,2,1343143620.5,3449770907.0,1.3608869799128582
I1MFH3,3,2538189569.5,3774912280.0,0.5726432964021002
I1MGM0,1,499315180.0,176709420.0,-1.4985718187125923
I1MGM0,2,136428188.0,169305970.0,0.3114910894389066
I1MGM0,3,497619730.0,198958678.5,-1.3225748574572578
I1MHM0,1,162880415.5,55633168.5,-1.5497959672945367
I1MHM0,2,182231898.0,33030722.7,-2.463895070886463
I1MHM0,3,135943401.5,61455536.4,-1.1453912357632157
I1MIA8,1,61348446.0,21528853.0,-1.5107553412543357
I1MIA8,2,69589369.0,21769289.5,-1.6765726038504545
I1MIA8,3,105946315.0,20634130.0,-2.3602288929337605
I1MID7,1,162762378.9,25232881.8,-2.6893903834742234
I1MID7,2,225529246.0,85667918.5,-1.3964875898416382
I1MID7,3,175869404.8,22350575.14,-2.9761206641514497
I1ML66,1,57783938580.5,68310974876.8,0.24144883924506247
I1ML66,2,62541266413.2,66264466942.6,0.08342702692579408
I1ML66,3,66175991506.7,71824749091.0,0.11817314232356609
I1MLB7,1,613510514.6,561636732.0,-0.12745077616764133
I1MLB7,2,566081570.5,630854126.0,0.15629649007076352
I1MLB7,3,681837218.0,546701954.2,-0.31867281846039364
I1MLW9,1,2756166096.44,2076788753.8,-0.4083083566250713
I1MLW9,2,2118433015.9,1866622902.0,-0.18256701036581757
I1MLW9,3,2449860473.67,1865915963.5,-0.3928155740592585
I1MM97,1,4720311372.5,1928913023.0,-1.2910939372313472
I1MM97,2,5848610806.5,1875885245.0,-1.6405224132631633
I1MM97,3,5177688467.0,1866374552.8,-1.4720696212078412
I1MNV0,1,46115785.8,68883248.0,0.5788924894767052
I1MNV0,2,44652518.0,62673840.0,0.489121856504913
I1MNV0,3,44558770.2,58106865.5,0.3829992168775208
I1MQN7,1,2145634923.5,1882101553.0,-0.1890601506159331
I1MQN7,2,2391499788.5,2048374513.5,-0.22343614987511976
I1MQN7,3,2077769754.0,2130775738.0,0.036342966635347994
I1MRM5,1,32079483.0,245720720.5,2.937296722375186
I1MRM5,2,18519215.2,142683014.4,2.9457187333653096
I1MRM5,3,21679288.0,83348680.5,1.942841984073327
I1MRV6,1,5324651182.5,4369087590.5,-0.2853549886874195
I1MRV6,2,5819305864.7,4353889903.5,-0.41854214996333805
I1MRV6,3,5094527830.86,4413953986.4,-0.20687685104856804
I1MSB1,1,3645987233.0,1544751114.0,-1.2389350957180316
I1MSB1,2,4077089306.5,2122583560.0,-0.9417182090058522
I1MSB1,3,3583976134.2,1996872850.0,-0.8438185577452377
I1MXZ6,1,50629586.0,78992399.0,0.6417331501090777
I1MXZ6,2,86055804.0,165404684.62,0.9426556926839861
I1MXZ6,3,42203212.0,119938732.0,1.5068729169446133
I1N362,1,424492567.0,347158592.0,-0.29014441409518593
I1N362,2,247479349.5,280890436.0,0.18269935623246605
I1N362,3,341379442.0,411976750.0,0.27118673955190253
I1N388,1,125271984.0,90966481.5,-0.46165684719744265
I1N388,2,116246304.0,83363950.0,-0.4796893041183117
I1N388,3,140313485.0,88167010.0,-0.6703428279381766
I1N3U5,1,2606384353.7,1163421582.6,-1.1636758754864565
I1N3U5,2,2469865225.4,1201515613.8,-1.0395769230249385
I1N3U5,3,2582672460.0,1068536248.0,-1.2732288399792147
I1N5R5,1,121541635.5,288017232.8,1.244704523890692
I1N5R5,2,103104140.0,320313686.5,1.6353831802843244
I1N5R5,3,137465536.5,301333623.5,1.1322916901691258
I1N7B1,1,127890603.2,69274174.0,-0.8845207569155478
I1N7B1,2,109220479.0,117308766.0,0.10306743498432204
I1N7B1,3,130303908.0,141098634.8,0.11482367616890903
I1N7G4,1,5042532141.0,4533770438.0,-0.15343703077316223
I1N7G4,2,5307392442.4,4131135266.0,-0.36146493010275454
I1N7G4,3,5343329040.5,4157284856.2,-0.3620972561164205
I1NAI6,1,114305258.5,49952586.0,-1.194260502757592
I1NAI6,2,33715955.3,119876138.0,1.830041130660899
I1NAI6,3,100407621.2,93989726.5,-0.09529380029500086
I1NBQ4,1,3908920193.0,4118145289.0,0.07522459949268337
I1NBQ4,2,4171752043.8,4329142428.5,0.053427854883636036
I1NBQ4,3,3761378413.8,4640795913.7,0.3031107979805447
I1NC67,1,180846725.2,347857057.0,0.9437271153662744
I1NC67,2,183748326.0,366764866.0,0.9971243368830941
I1NC67,3,235801074.0,359984102.2,0.6103629055772068
I1NF61,1,249298440.0,180691372.0,-0.4643462358436981
I1NF61,2,275747931.5,160822181.34,-0.7778836601798563
I1NF61,3,173147666.4,213769174.0,0.3040508844336781
I1NJ59,1,445573018.0,267305901.0,-0.7371701852446101
I1NJ59,2,533980188.0,310677611.5,-0.7813679356867373
I1NJ59,3,476400984.0,288430058.0,-0.7239548738897368
K7K1W5,1,651950886.0,670405433.5,0.04027055712289993
K7K1W5,2,686935348.0,691197446.17,0.008923563133569264
K7K1W5,3,742328266.5,795392070.0,0.09960887358110143
K7K5E9,1,1358624357.0,1702362012.0,0.32539123902347333
K7K5E9,2,1554798348.0,1704305923.0,0.13245684273962235
K7K5E9,3,1540549684.0,1496968987.9,-0.04140087725720276
K7KHJ7,1,230400434.0,226202890.3,-0.026526070920265432
K7KHJ7,2,242799418.06,170319667.5,-0.5115199252961817
K7KHJ7,3,215918501.5,222318909.5,0.04214379360468579
K7KSG5,1,1308414634.7,3763934008.0,1.524421532662031
K7KSG5,2,1260302129.0,3656942156.0,1.536868178133192
K7KSG5,3,1269355486.0,3479101520.0,1.454618621421822
K7LFD7,1,13257239.0,3397671.0,-1.9641622791619422
K7LFD7,2,17197648.0,499999.7728357325,-5.104140021623642
K7LFD7,3,500000.3614487953,4641734.0,3.2146628068028296
K7LP96,1,2321588818.8,1268843172.8,-0.8715987110927855
K7LP96,2,2207733050.0,1159304034.0,-0.9293067670607021
K7LP96,3,2286906192.6,1168655852.2,-0.968547043476811
K7LP97,1,8476730.5,123499223.8,3.864850243855212
K7LP97,2,62223631.4,78334225.0,0.33218017934872013
K7LP97,3,63466739.8,87301731.0,0.46000952434182757
K7LRM8,1,3406011610.5,2342028453.5,-0.5403247495522229
K7LRM8,2,3372037538.7,2325213613.8,-0.5362573364700942
K7LRM8,3,3417427952.3,2527862565.0,-0.43499289352139214
K7LSZ0,1,49980882.78,8169938.0,-2.6129793478333663
K7LSZ0,2,52755939.1,12587721.0,-2.0673164095444587
K7LSZ0,3,82991092.0,7456985.0,-3.4762921458646643
K7M3M7,1,577427538.0,531684845.0,-0.1190685677218149
K7M3M7,2,578763808.8,612593083.0,0.08195436683136818
K7M3M7,3,318211268.2,565826106.0,0.8303738171753029
K7M592,1,37146690518.3,26333979571.8,-0.49630812668064633
K7M592,2,38410165997.0,28099250913.5,-0.45095652803095765
K7M592,3,34798012263.6,24819275111.5,-0.4875439188629065
K7M9X3,1,2261332774.5,19430231410.5,3.1030578654937866
K7M9X3,2,912169291.0,17750016435.5,4.282374948859301
K7M9X3,3,920783731.0,9081301816.0,3.301964876140924
K7MFW5,1,366956480.0,731356439.5,0.9949657268607617
K7MFW5,2,361058105.0,741272625.0,1.0377732056430664
K7MFW5,3,373993730.0,698633565.0,0.9015218733744488
K7MS61,1,41612265.0,243991145.0,2.5517480669524892
K7MS61,2,195686780.5,500000.22570666706,-8.612401837404176
K7MS61,3,324774670.0,80700538.0,-2.008788920915843
K7N0E2,1,6510797.5,5883420.5,-0.14617911597133496
K7N0E2,2,111919502.0,500000.08637196606,-7.8063173887332
K7N0E2,3,118029025.0,16896128.0,-2.8043771078634716
O04104,1,68726765.1,167178281.8,1.2824434786161332
O04104,2,164187348.56,163176364.8,-0.008910858683118533
O04104,3,248524995.0,196418495.3,-0.339460171668497
O22518,1,3117755194.4,1662897919.0,-0.9068080442888593
O22518,2,3605317614.5,1710255366.5,-1.075914603933963
O22518,3,3273880150.0,1372893468.0,-1.2537818272322032
O23960,1,2073783457.53,1405299011.0,-0.5613881261812907
O23960,2,1835174187.7,1736095245.0,-0.08007090610859077
O23960,3,2582749537.0,1675051105.6,-0.6247026317177857
O48551,1,1203784929.7,1190046527.5,-0.016559680738046253
O48551,2,1213965827.4,976862468.0,-0.3135004456812135
O48551,3,1101979262.5,1088830518.0,-0.017317666214550203
O48560,1,3310431128.5,3322218921.0,0.005128028031325568
O48560,2,3707661006.5,3909308942.1,0.07640425782868736
O48560,3,3362171877.0,4165446184.4,0.30907756083893845
O48561,1,12670149421.2,9360535539.4,-0.43677056108827955
O48561,2,10264434449.0,16485614533.0,0.6835535273864984
O48561,3,12954805671.8,14628176371.5,0.17526255185549539
P00865,1,408579037548.0,532140186212.86,0.3811911697896414
P00865,2,499462268763.7,541713685316.3,0.1171548424952276
P00865,3,428473702535.7,503229560533.2,0.23201000897477103
P02580,1,1374521460.0,969345668.8,-0.5038463036450384
P02580,2,1582338380.0,1067656461.8,-0.5676106424460524
P02580,3,1124348484.0,905901037.3,-0.31166389748439294
P02581,1,3510407362.0,2468411607.2,-0.508055472775613
P02581,2,3499238342.0,2513577379.5,-0.47729883102192244
P02581,3,3388917310.3,2386729584.0,-0.5057893168324223
P07134,1,26524553.4,14738568.0,-0.8477321014364686
P07134,2,80337381.5,24974903.2,-1.6855923529459043
P07134,3,37135178.3,28691120.0,-0.37218221832480775
P07135,1,1534979595.5,696451156.5,-1.1401253955382333
P07135,2,1680829864.0,858329649.9,-0.9695699599006014
P07135,3,1672773945.8,825754406.0,-1.0184578291259274
P07816,1,649115334.8,288214342.0,-1.1713327109484115
P07816,2,585360270.0,250634291.2,-1.2237410150780277
P07816,3,652913265.0,255893345.2,-1.3513487235421358
P09755,1,69660450483.8,72142277585.0,0.05050516814311044
P09755,2,63924070419.5,77084039473.0,0.27007289985215255
P09755,3,58110279521.5,75596216739.0,0.3795206413405921
P09756,1,52149857917.7,53485966360.5,0.03649708493803504
P09756,2,41719800051.0,66993313784.0,0.6832848721685052
P09756,3,58426904384.5,73234153344.0,0.3258837646083222
P0CG89,1,3541106215.5,4497221440.2,0.3448338050791905
P0CG89,2,3671302301.5,3921699583.0,0.0951871104935921
P0CG89,3,3155595561.1,4049407855.0,0.3597986448152628
P10538,1,3469831351.56,6335949727.5,0.8686953449772747
P10538,2,4703547149.7,6284803443.24,0.41811845877499265
P10538,3,4418225164.5,6748156179.1,0.6110264195561074
P10742,1,10546741758.0,54198743796.6,2.3614620426685033
P10742,2,11166770016.945,50602591304.6,2.179999318392877
P10742,3,10334551378.35,52360329594.6,2.3409984157982624
P10743,1,826981715.0,8312143031.09,3.329293143494471
P10743,2,874165029.74,8140256505.5,3.2190966850444402
P10743,3,677389231.3,7898653960.0,3.5435498619397463
P12459,1,6563670541.4,4490612477.5,-0.5475905971726038
P12459,2,7099623911.8,4647851480.7,-0.6111786337668821
P12459,3,6311797080.5,3594794590.2,-0.8121414884170867
P12471,1,1100855270.5,749695175.5,-0.5542487870381329
P12471,2,943752537.5,227234418.0,-2.0542272495447986
P12471,3,1452021854.7,784428218.0,-0.8883498286068477
P17093,1,264502234.9,79080276.3,-1.7418900955323722
P17093,2,326608090.3,186192779.0,-0.8107634050321548
P17093,3,951872324.0,169423866.0,-2.4901309606207334
P18663,1,1328216989.288,593763081.0,-1.1615315600396958
P18663,2,1390807177.27,542400109.1,-1.3584930434600937
P18663,3,1345497822.07,587935890.5,-1.194409300817222
P19976,1,3682214387.6,1435629813.0,-1.3588898380976318
P19976,2,2425430013.4,1161862510.76,-1.0618011934545621
P19976,3,4025986487.0,1475669994.74,-1.4479722035182883
P22177,1,74610466.5,44430975.0,-0.7478122283050586
P22177,2,57869361.5,38247650.0,-0.5974286173436878
P22177,3,81979096.1,34811196.0,-1.2357047016872615
P24095,1,8524153596.3,14953652716.4,0.8108694390798681
P24095,2,7745810151.9,16098288855.4,1.0554193005077401
P24095,3,9575177270.5,14714352241.69,0.619852931250837
P24099,1,2647092289.0,2271730352.0,-0.2206168930887787
P24099,2,2756716678.0,2375527808.0,-0.21470290667293418
P24099,3,2939385686.0,2556863346.0,-0.20113961551589477
P25698,1,17779403304.0,10991575151.1,-0.693808759610008
P25698,2,17658406123.809998,10211315344.55,-0.790186413614915
P25698,3,18107812908.7,10317263783.66,-0.8115518978819781
P26987,1,1293909935.0,936103834.97,-0.46699672823592286
P26987,2,109106542.0,1116229201.694,3.3548237813791797
P26987,3,1377676090.0,888202980.25,-0.6332754138873276
P27066,1,897740738378.22,1067077782522.48,0.2492945730059785
P27066,2,830586218730.686,776572023520.6,-0.09701020023132832
P27066,3,685834779502.78,1165528143258.9,0.765050868683121
P28759,1,5427467435.55,6270841881.75,0.20837997793251611
P28759,2,6138681897.92,7092362261.8,0.20833731535559438
P28759,3,5854171791.9,7067243806.0,0.27168259744354895
P29136,1,2610597438.0,3533506453.0,0.43672053682552014
P29136,2,1922035890.0,4528358365.0,1.2363528589409438
P29136,3,1949093376.4,5395183295.5,1.4688687662260789
P31174,1,278681468.0,311740214.0,0.16172720431614496
P31174,2,192619749.0,283179938.0,0.5559634326946243
P31174,3,173538505.0,286401062.0,0.7227810364543539
P31175,1,71044832.0,54550596.5,-0.3811347353876759
P31175,2,83085262.0,55819680.2,-0.573818729611799
P31175,3,46561603.56,60500178.0,0.3777986421555053
P35055,1,1061168092.0,1433843967.0,0.4342348351023691
P35055,2,993767725.3,1225199990.0,0.30203666707295984
P35055,3,927724436.1,1482881887.5,0.6766354433603872
P38417,1,84690656200.55,185364573944.34,1.1300908358652384
P38417,2,85201096509.55,188670190444.78,1.146922595003185
P38417,3,88489591446.9,191077473177.06,1.1105780298840549
P39657,1,310784100.0,3410667713.5,3.456069605160696
P39657,2,338981299.5,4402592479.0,3.6990757171596695
P39657,3,318949872.0,3445471756.0,3.433299926447464
P43210,1,1208666376.0,1981990858.0,0.7135342306461776
P43210,2,987181561.9,2043610073.2,1.0497325981942143
P43210,3,1163775306.5,2046139514.5,0.8140919777405219
P45621,1,3728174046.0,4481787727.0,0.2656051071193656
P45621,2,4300240451.8,5136067707.5,0.25624688961783604
P45621,3,4475787196.6,4753771549.5,0.0869311294726338
P46280,1,11286582628.3,9891734026.4,-0.19031337694162864
P46280,2,10064307256.5,10480203475.5,0.058418854887996724
P46280,3,11565627640.4,10534217983.5,-0.13476034143376422
P48640,1,617928837.0,439287535.7,-0.4922751364012308
P48640,2,656971537.7,442384391.0,-0.5705303866018613
P48640,3,400727633.0,399993653.6,-0.0026448871905760583
P49161,1,20731521949.5,20360085319.85,-0.026082424846835255
P49161,2,22637412451.0,23520148690.3,0.055188119031721446
P49161,3,21031012026.7,25057381966.49,0.25271741234067596
P50346,1,1669332675.0,782244520.0,-1.093579940755129
P50346,2,1765225912.0,806803957.5,-1.129562764379445
P50346,3,1519521476.5,834701512.8,-0.8642847749245884
P51061,1,2726150551.4,5100601625.1,0.9038021885486104
P51061,2,1964803298.6599998,4820906039.0,1.2949194234925534
P51061,3,2561759645.5,3895708036.3,0.6047504361127843
P54774,1,3431455800.5,2355419455.56,-0.5428367725428792
P54774,2,3664803283.16,2338175434.2,-0.6483525805324607
P54774,3,3638218772.45,2332899782.04,-0.6411079647846961
P62163,1,1352898767.5,1061007710.0,-0.3506187518349336
P62163,2,1350790473.5,1108693807.0,-0.28494292496162693
P62163,3,1418221638.0,1215050792.0,-0.22306638971103757
P62302,1,1233526678.0,741967370.2,-0.7333612703787961
P62302,2,1503812842.0,647248400.5,-1.2162336266327807
P62302,3,1254206464.0,749781261.0,-0.7422331857014007
P69195,1,299704144.0,639299012.0,1.0929518321515084
P69195,2,161776436.0,807393781.5,2.319270992025037
P69195,3,322126954.0,888838062.0,1.46429121402278
P86548,1,1922520300.0,3349595150.0,0.8009879024963968
P86548,2,1567314760.0,35790150.0,-5.452588541365879
P86548,3,11210286.7,1021948736.0,6.51035584283025
P93162,1,911860271.5,1390860906.7,0.6090934744010017
P93162,2,993795493.5,1403451523.6,0.49795832788701405
P93162,3,833522554.5,1398781219.95,0.7468771885342803
P93164,1,15185998800.0,57092085807.0,1.9105489715558468
P93164,2,15103683260.7,54480663505.4,1.850843858277336
P93164,3,11112629239.0,52424887676.3,2.238051667676145
Q01915,1,16234857850.039999,19312382054.1,0.250431369458416
Q01915,2,18095299989.7,17845297059.1,-0.020071108174259687
Q01915,3,16747415538.4,20285356838.96,0.2765002051511848
Q02243,1,33506472.0,100394460.0,1.5831679663827416
Q02243,2,41547816.0,91206260.0,1.1343602057174529
Q02243,3,32362094.0,100161654.5,1.6299534324850276
Q03773,1,20853563729.8,7073269848.7,-1.559844744356169
Q03773,2,19593525292.64,7088210796.4,-1.466883578562444
Q03773,3,20352037451.1,7001032704.15,-1.539533579468309
Q06197,1,1967307257.2,2792797116.0,0.5054884745584509
Q06197,2,2231330465.0,2582618805.4,0.21093052159836354
Q06197,3,2034930578.3,2632174053.5,0.3712753132210219
Q1W376,1,157639945.0,154431308.5,-0.029667885427004544
Q1W376,2,344880586.6,132648438.0,-1.378489234250745
Q1W376,3,276050016.5,181673728.5,-0.6035798781539834
Q2PMN8,1,1313323533.5,1317991166.8,0.00511833759525969
Q2PMN8,2,1254740752.5,1133796149.45,-0.14622803874532148
Q2PMN8,3,1487497386.0,1337839062.0,-0.15298255859486132
Q2PMN9,1,795623215.0,374396760.0,-1.087517422289909
Q2PMN9,2,892962227.8,315321493.7,-1.5017756369891422
Q2PMN9,3,803053963.0,398588392.0,-1.0105972406012087
Q2PMP7,1,842776674.5,145623271.75,-2.5329094572555
Q2PMP7,2,777693303.0,228229313.86,-1.7687172114379925
Q2PMP7,3,768124018.0,174278477.2,-2.1399448485615102
Q2PMP8,1,927030374.0,509568359.0,-0.8633409112351824
Q2PMP8,2,966535846.1700001,365437784.5,-1.4031974296712006
Q2PMP8,3,1005306843.25,602964727.9,-0.73749039777157
Q2PMP9,1,147170526.62,24471502.0,-2.588314218023756
Q2PMP9,2,121565314.3,37397499.5,-1.7007179337436795
Q2PMP9,3,74181046.53,64505478.0,-0.20162893745264582
Q2PMQ0,1,702389356.0,248354462.0,-1.499870315617981
Q2PMQ0,2,791923737.0,192440112.0,-2.0409519599256387
Q2PMQ0,3,639626438.6,199777971.0,-1.678832063390032
Q2PMQ4,1,542674272.5,589306077.0,0.11893062956616098
Q2PMQ4,2,123182519.0,530492815.5,2.106535677026885
Q2PMQ4,3,225931710.0,420297996.1,0.8955258077290926
Q2PMQ5,1,6868741940.0,5620384634.0,-0.28937701773450364
Q2PMQ5,2,6500419457.0,5887561329.0,-0.14286263197679291
Q2PMQ5,3,7434514266.8,5712545682.0,-0.38010468989047635
Q2PMQ6,1,6762740752.5,8375063804.0,0.3084921318578812
Q2PMQ6,2,7010646661.2,9171962359.0,0.3876829098360859
Q2PMQ6,3,6748957887.25,7883151511.9,0.2241077514840552
Q2PMQ9,1,86326520273.7,75343288082.1,-0.1963248404213262
Q2PMQ9,2,82444707196.6,71531920229.3,-0.2048397078986843
Q2PMQ9,3,85039959569.0,80171587864.2,-0.0850498626826304
Q2PMR0,1,955055860.0,622066482.0,-0.6185163435254173
Q2PMR0,2,1232020580.0,1025694650.0,-0.26442505183625997
Q2PMR0,3,1218537680.7,726382360.0,-0.7463497913368873
Q2PMR4,1,38157396.0,31395976.0,-0.28138305816196857
Q2PMR4,2,33802188.0,48698370.0,0.5267568496577155
Q2PMR4,3,21360758.0,85055800.0,1.993446774501824
Q2PMR7,1,1998903770.0,2119686724.0,0.08464203912521685
Q2PMR7,2,2779505421.1,2073152642.0,-0.4230018528459953
Q2PMR7,3,1724908113.0,2134731540.0,0.3075351399033814
Q2PMR9,1,587907462.7,633697877.16,0.10820609152148422
Q2PMR9,2,519255447.92,581887436.3,0.16429564917426825
Q2PMR9,3,498478024.0,797425617.2,0.6778200493919574
Q2PMS5,1,449641164.5,281463258.5,-0.6758275110151187
Q2PMS5,2,557551526.0,328325387.0,-0.7639788302586081
Q2PMS5,3,444689554.0,551603808.5,0.31083390245274
Q2PMS8,1,96988419775.76,104375483364.8,0.10589847097044458
Q2PMS8,2,102023754784.45,110230216359.5,0.11161464798585169
Q2PMS8,3,101854553280.04001,112149741131.26,0.13891581472126044
Q2PMS9,1,6917034476.4,7456585310.0,0.10836146258808545
Q2PMS9,2,6439415695.5,7859539306.0,0.2875149641474028
Q2PMS9,3,6854874604.0,7577688073.8,0.14462747923170843
Q2PMT8,1,39268530335.0,38854563483.5,-0.015289550999268643
Q2PMT8,2,47219370297.0,41640646350.0,-0.18138633989923664
Q2PMT8,3,38003507644.1,37531347940.96,-0.018036476782410018
Q2PMT9,1,63059141631.8,61113919391.0,-0.04520452433387766
Q2PMT9,2,58985167479.26,63664844360.9,0.11014472086631871
Q2PMT9,3,64909119187.6,58990337030.0,-0.13794252728154627
Q2PMU2,1,15733007754.0,12579667798.0,-0.32270067975677036
Q2PMU2,2,15815770400.0,11182973281.0,-0.5000600157479068
Q2PMU2,3,16256158879.2,13287942249.7,-0.29086869906300655
Q2PMU3,1,18727879120.4,14900926634.0,-0.32978547828590976
Q2PMU3,2,20205609705.5,15007673819.0,-0.4290555082214248
Q2PMU3,3,16579125738.0,16877877878.8,0.025765588151592266
Q2PMU4,1,114456199.6,90947383.0,-0.3316915793841883
Q2PMU4,2,128966561.2,147902073.2,0.1976452271386767
Q2PMU4,3,112119979.7,93129876.0,-0.26772742555210677
Q2PMU5,1,1607860334.0,718336407.7,-1.1624105498477217
Q2PMU5,2,1408995235.0,640849210.2,-1.13660989239839
Q2PMU5,3,1758227134.25,598949167.0,-1.5536159838233412
Q2PMU9,1,8125923717.5,7852836426.5,-0.04931797498807426
Q2PMU9,2,6972693043.5,8900768593.3,0.35221394836054115
Q2PMU9,3,6267796044.5,9085747529.2,0.5356469820178517
Q2PMV0,1,194961190360.0,205637049239.54,0.07691325083970942
Q2PMV0,2,161551221549.61,208639350123.35,0.3690196215301808
Q2PMV0,3,193649547923.7,218811615535.76,0.17624119172167943
Q39817,1,487924360.2,919914879.7,0.9148428605536143
Q39817,2,807358763.95,838900836.5,0.05529038217523852
Q39817,3,587983363.7,828772859.36,0.4952014221703726
Q39836,1,2339171271.5,1432012962.0,-0.7079529467212526
Q39836,2,2459113980.0,1389796753.5,-0.8232646895090611
Q39836,3,2080185780.0,1543269110.0,-0.4307227241665204
Q39839,1,3788583503.5,8052222343.5,1.0877284630685455
Q39839,2,4083871298.06,7057219022.5,0.789162384231127
Q39839,3,4007127053.74,6978169101.0,0.8002803046438245
Q42797,1,246774945.0,153547099.0,-0.684514670038708
Q42797,2,182019039.1,134991736.5,-0.43121826788614337
Q42797,3,303049469.0,130107298.5,-1.219851420916325
Q43463,1,560642795.0,833378986.2,0.5718908502779938
Q43463,2,731338416.0,698966055.0,-0.06531675299716011
Q43463,3,742984550.5,331535512.5,-1.1641687986950955
Q43467,1,3875675476.2,3407880310.0,-0.18557310714816944
Q43467,2,4287011795.2,3947215091.1,-0.11913725005102567
Q43467,3,3537418866.3,3257773017.0,-0.11881097026828667
Q5QJB6,1,1445270405.0,1431722207.0,-0.013587843411338592
Q5QJB6,2,1542034168.5,445652314.5,-1.790844229265341
Q5QJB6,3,1480505317.7,1578580696.0,0.09253833973397418
Q76LA6,1,6526656632.2,5900667561.9,-0.14546596048929666
Q76LA6,2,7635683447.9,6187705080.96,-0.3033528577090635
Q76LA6,3,6474831762.4,4774013085.74,-0.43964018638135927
Q93XE6,1,381449611.9,785043481.0,1.0412800674916745
Q93XE6,2,315706550.0,544797240.0,0.7871352018031231
Q93XE6,3,364090856.0,391910566.0,0.10622596034473196
Q944T2,1,4787102238.2,3631677066.0,-0.3985166962484823
Q944T2,2,4085102641.0,3823126686.5,-0.09561932014595384
Q944T2,3,4866437259.3,3814505176.9,-0.35137003446756837
Q94IC4,1,1753492850.5,215372133.2,-3.0253280502150504
Q94IC4,2,1968058180.0,215311604.0,-3.1922748911563876
Q94IC4,3,1668783008.0,202334370.2,-3.0439830591219725
Q96450,1,2488595147.2,1784647446.8,-0.47969244590763915
Q96450,2,4016200988.8,2328988489.0,-0.7861279609959156
Q96450,3,4043679155.3,2490781158.3,-0.699070260514037
Q96451,1,193910931.0,117365471.5,-0.7243860970758941
Q96451,2,237634229.1,129077061.8,-0.8805100154794887
Q96451,3,191671377.0,236100161.2,0.3007641165111949
Q96452,1,239453202.0,342182100.0,0.51502056489553
Q96452,2,512578468.0,197894776.0,-1.3730393474683404
Q96452,3,382313406.0,100420802.0,-1.9286976377478358
Q96453,1,359380139.5,245968200.0,-0.5470388743075012
Q96453,2,353358923.7,236813900.3,-0.5773805776428031
Q96453,3,381814052.0,99867899.5,-1.9347772668554062
Q96558,1,1929336474.2,1003192927.0,-0.9435056882043598
Q96558,2,1897920650.06,1197024623.5,-0.664966846482023
Q96558,3,2021244219.5,1062373098.0,-0.9279531282443719
Q9AWB2,1,827439629.9,1304644527.0,0.6569308114237714
Q9AWB2,2,1089824231.2,1327395973.8,0.28450333010104734
Q9AWB2,3,998070893.9,1040781837.5,0.060453490891903196
Q9FQ95,1,850204742.0,768489887.0,-0.14578403081441488
Q9FQ95,2,875346708.0,849593368.0,-0.04308204952302105
Q9FQ95,3,831700720.5,788844845.0,-0.07632291207842015
Q9FQD3,1,87657935.0,77168142.5,-0.18387931368411428
Q9FQD3,2,54948502.2,196118930.5,1.8355767377934447
Q9FQD3,3,33698808.0,202051567.7,2.5839540791397173
Q9FQE8,1,76976416.0,4132796511.0,5.7465580191457715
Q9FQE8,2,40953945.0,3841763821.0,6.551622589280885
Q9FQE8,3,73857885.0,4957730309.0,6.06878403348615
Q9FQF3,1,1121197865.0,1724213910.9,0.6208978681095051
Q9FQF3,2,965588500.0,1281590382.0,0.4084548268040682
Q9FQF3,3,1062963614.0,1242980106.4,0.22571099334770306
Q9M4T8,1,623745048.5,242150413.8,-1.3650529895936216
Q9M4T8,2,504832412.5,509100867.0,0.012146981745144097
Q9M4T8,3,551925896.0,508660446.0,-0.11777166442309041
Q9M507,1,906619691.2,508995530.3,-0.8328445085224991
Q9M507,2,871473775.0,593854391.2,-0.553348014412925
Q9M507,3,862696204.0,720442723.0,-0.2599688708129842
Q9SDZ0,1,811462854.5,1975627727.0,1.2837141608818945
Q9SDZ0,2,870770450.1,2233440469.0,1.3589034458847669
Q9SDZ0,3,817114580.2,2495331363.0,1.6106211082289914
Q9SPB8,1,1257842384.0,731758908.0,-0.7815108459083391
Q9SPB8,2,1428221512.0,1346273507.0,-0.08524821792718074
Q9SPB8,3,1269403947.8,1443491019.0,0.18541089708488354
Q9SWR5,1,626393473.0,945885369.2,0.5945961756733539
Q9SWR5,2,622849444.5,850616913.2,0.4496260646304651
Q9SWR5,3,943202013.5,889130000.5,-0.08517242589192753
Q9XHC6,1,200572849.5,480794972.7,1.2612954819180087
Q9XHC6,2,195194432.9,423765206.1,1.1183532311760898
Q9XHC6,3,193223625.9,495934429.8,1.3598778800076132
Q9ZS21,1,321749220.5,121764966.0,-1.4018375499516933
Q9ZS21,2,322429322.0,293382335.5,-0.13620094055467527
Q9ZS21,3,281262213.25,299562925.0,0.09094333780437658
